This file contains any messages produced by compilers while
running configure, to aid debugging if configure makes a mistake.

It was created by configure, which was
generated by GNU Autoconf 2.72.  Invocation command line was

  $ auto/configure --with-features=normal --enable-fail-if-missing --enable-gui=no --with-x=no --disable-netbeans --disable-channel --enable-terminal=no --enable-socketserver=no --disable-xsmp --disable-xsmp-interact --enable-luainterp=no --enable-perlinterp=no --enable-pythoninterp=no --enable-python3interp=no --enable-tclinterp=no --enable-rubyinterp=no --enable-multibyte --disable-nls --disable-gpm --disable-acl --disable-selinux --disable-smack --disable-xattr --disable-libsodium --with-vim-name=edit --with-global-runtime=/usr/share/bx/vim --with-compiledby=bx --with-modified-by=bx --srcdir=. --cache-file=auto/config.cache

## --------- ##
## Platform. ##
## --------- ##

hostname = bob2-oai
uname -m = x86_64
uname -r = 7.1.0-rc2
uname -s = Linux
uname -v = #4 SMP PREEMPT_DYNAMIC Sat May  9 03:49:27 CDT 2026

/usr/bin/uname -p = unknown
/bin/uname -X     = Try 'uname --help' for more information.
unknown

/bin/arch              = x86_64
/usr/bin/arch -k       = x86_64
/usr/convex/getsysinfo = unknown
/usr/bin/hostinfo      = unknown
/bin/machine           = unknown
/usr/bin/oslevel       = unknown
/bin/universe          = unknown

PATH: /home/me/.codex/tmp/arg0/codex-arg00gk0Zh/
PATH: /home/me/.local/bin/
PATH: /usr/local/bin/
PATH: /usr/bin/
PATH: /opt/bin/
PATH: /usr/local/sbin/
PATH: /usr/sbin/
PATH: /home/me/go/bin/


## ----------- ##
## Core tests. ##
## ----------- ##

configure:2555: creating cache auto/config.cache
configure:2973: checking whether make sets $(MAKE)
configure:2997: result: yes
configure:3070: checking for gcc
configure:3091: found /usr/bin/gcc
configure:3103: result: gcc
configure:3462: checking for C compiler version
configure:3471: gcc --version >&5
gcc (1g4 Linux) 15.2.1 20260430
Copyright (C) 2025 Free Software Foundation, Inc.
This is free software; see the source for copying conditions.  There is NO
warranty; not even for MERCHANTABILITY or FITNESS FOR A PARTICULAR PURPOSE.

configure:3482: $? = 0
configure:3471: gcc -v >&5
Using built-in specs.
COLLECT_GCC=gcc
COLLECT_LTO_WRAPPER=/usr/libexec/gcc/x86_64-pc-linux-gnu/15.2.1/lto-wrapper
Target: x86_64-pc-linux-gnu
Configured with: ../configure --prefix=/usr --bindir=/usr/bin --sbindir=/usr/bin --libdir=/usr/lib --libexecdir=/usr/libexec --with-slibdir=/usr/lib --sysconfdir=/etc --localstatedir=/var --includedir=/usr/include --datadir=/usr/share --mandir=/usr/share/man --infodir=/usr/share/info --disable-fixed-point --disable-install-libiberty --disable-libgcj --disable-libmpx --disable-libmudflap --disable-libssp --disable-libstdcxx-pch --disable-multilib --disable-nls --disable-obsolete --disable-rpath --disable-werror --enable-__cxa_atexit --enable-bootstrap --enable-checking=release --enable-clocale=generic --enable-default-pie --enable-languages=c,c++,lto --enable-libstdcxx-time --enable-link-mutex --enable-linker-build-id --enable-lto --enable-plugin --enable-shared --enable-threads=posix --with-build-config=bootstrap-lto-lean --with-linker-hash-style=gnu --with-pkgversion='1g4 Linux' --with-system-zlib --enable-cet --enable-symvers --enable-libvtv --enable-vtable-verify --enable-default-ssp --enable-gnu-indirect-function --enable-gnu-unique-object --disable-libgomp --disable-libsanitizer --with-isl --with-zstd libgo_cv_lib_setcontext_clobbers_tls=no
Thread model: posix
Supported LTO compression algorithms: zlib zstd
gcc version 15.2.1 20260430 (1g4 Linux) 
configure:3482: $? = 0
configure:3471: gcc -V >&5
gcc: error: unrecognized command-line option '-V'
gcc: fatal error: no input files
compilation terminated.
configure:3482: $? = 1
configure:3471: gcc -qversion >&5
gcc: error: unrecognized command-line option '-qversion'; did you mean '--version'?
gcc: fatal error: no input files
compilation terminated.
configure:3482: $? = 1
configure:3471: gcc -version >&5
gcc: error: unrecognized command-line option '-version'
gcc: fatal error: no input files
compilation terminated.
configure:3482: $? = 1
configure:3502: checking whether the C compiler works
configure:3524: gcc    conftest.c  >&5
configure:3528: $? = 0
configure:3579: result: yes
configure:3583: checking for C compiler default output file name
configure:3585: result: a.out
configure:3591: checking for suffix of executables
configure:3598: gcc -o conftest    conftest.c  >&5
configure:3602: $? = 0
configure:3626: result: 
configure:3650: checking whether we are cross compiling
configure:3658: gcc -o conftest    conftest.c  >&5
configure:3662: $? = 0
configure:3669: ./conftest
configure:3673: $? = 0
configure:3688: result: no
configure:3694: checking for suffix of object files
configure:3717: gcc -c   conftest.c >&5
configure:3721: $? = 0
configure:3745: result: o
configure:3749: checking whether the compiler supports GNU C
configure:3769: gcc -c   conftest.c >&5
configure:3769: $? = 0
configure:3781: result: yes
configure:3792: checking whether gcc accepts -g
configure:3813: gcc -c -g  conftest.c >&5
configure:3813: $? = 0
configure:3860: result: yes
configure:3880: checking for gcc option to enable C11 features
configure:3895: gcc  -c -g -O2  conftest.c >&5
configure:3895: $? = 0
configure:3914: result: none needed
configure:4036: checking how to run the C preprocessor
configure:4062: gcc -E  conftest.c
configure:4062: $? = 0
configure:4078: gcc -E  conftest.c
conftest.c:10:10: fatal error: ac_nonexistent.h: No such file or directory
   10 | #include <ac_nonexistent.h>
      |          ^~~~~~~~~~~~~~~~~~
compilation terminated.
configure:4078: $? = 1
configure: failed program was:
| /* confdefs.h */
| #define PACKAGE_NAME ""
| #define PACKAGE_TARNAME ""
| #define PACKAGE_VERSION ""
| #define PACKAGE_STRING ""
| #define PACKAGE_BUGREPORT ""
| #define PACKAGE_URL ""
| #define UNIX 1
| /* end confdefs.h.  */
| #include <ac_nonexistent.h>
configure:4107: result: gcc -E
configure:4121: gcc -E  conftest.c
configure:4121: $? = 0
configure:4137: gcc -E  conftest.c
conftest.c:10:10: fatal error: ac_nonexistent.h: No such file or directory
   10 | #include <ac_nonexistent.h>
      |          ^~~~~~~~~~~~~~~~~~
compilation terminated.
configure:4137: $? = 1
configure: failed program was:
| /* confdefs.h */
| #define PACKAGE_NAME ""
| #define PACKAGE_TARNAME ""
| #define PACKAGE_VERSION ""
| #define PACKAGE_STRING ""
| #define PACKAGE_BUGREPORT ""
| #define PACKAGE_URL ""
| #define UNIX 1
| /* end confdefs.h.  */
| #include <ac_nonexistent.h>
configure:4168: checking for grep that handles long lines and -e
configure:4234: result: /usr/bin/grep
configure:4239: checking for egrep
configure:4309: result: /usr/bin/grep -E
configure:4315: checking for fgrep
configure:4385: result: /usr/bin/grep -F
configure:4393: checking for gawk
configure:4414: found /usr/bin/gawk
configure:4426: result: gawk
configure:4439: checking for strip
configure:4460: found /usr/bin/strip
configure:4473: result: strip
configure:4485: checking for sys/wait.h that is POSIX.1 compatible
configure:4512: gcc -c -g -O2  conftest.c >&5
configure:4512: $? = 0
configure:4522: result: yes
configure:4584: checking for pkg-config
configure:4607: found /usr/bin/pkg-config
configure:4620: result: /usr/bin/pkg-config
configure:4860: checking --enable-fail-if-missing argument
configure:4871: result: yes
configure:4898: checking for clang version
configure:4919: result: N/A
configure:4934: checking for buggy tools
configure:4941: checking uname
configure:4945: result: Linux
configure:4952: checking uname -r
configure:4956: result: 7.1.0-rc2
configure:4963: checking uname -m
configure:4967: result: x86_64
configure:4974: checking for Haiku
configure:4979: result: no
configure:4983: checking for QNX
configure:4990: result: no
configure:4994: checking for Darwin (Mac OS X)
configure:5199: result: no
configure:5207: checking for stdio.h
configure:5207: gcc -c -g -O2  conftest.c >&5
configure:5207: $? = 0
configure:5207: result: yes
configure:5207: checking for stdlib.h
configure:5207: gcc -c -g -O2  conftest.c >&5
configure:5207: $? = 0
configure:5207: result: yes
configure:5207: checking for string.h
configure:5207: gcc -c -g -O2  conftest.c >&5
configure:5207: $? = 0
configure:5207: result: yes
configure:5207: checking for inttypes.h
configure:5207: gcc -c -g -O2  conftest.c >&5
configure:5207: $? = 0
configure:5207: result: yes
configure:5207: checking for stdint.h
configure:5207: gcc -c -g -O2  conftest.c >&5
configure:5207: $? = 0
configure:5207: result: yes
configure:5207: checking for strings.h
configure:5207: gcc -c -g -O2  conftest.c >&5
configure:5207: $? = 0
configure:5207: result: yes
configure:5207: checking for sys/stat.h
configure:5207: gcc -c -g -O2  conftest.c >&5
configure:5207: $? = 0
configure:5207: result: yes
configure:5207: checking for sys/types.h
configure:5207: gcc -c -g -O2  conftest.c >&5
configure:5207: $? = 0
configure:5207: result: yes
configure:5207: checking for unistd.h
configure:5207: gcc -c -g -O2  conftest.c >&5
configure:5207: $? = 0
configure:5207: result: yes
configure:5207: checking for sys/time.h
configure:5207: gcc -c -g -O2  conftest.c >&5
configure:5207: $? = 0
configure:5207: result: yes
configure:5207: checking for sys/select.h
configure:5207: gcc -c -g -O2  conftest.c >&5
configure:5207: $? = 0
configure:5207: result: yes
configure:5207: checking for sys/socket.h
configure:5207: gcc -c -g -O2  conftest.c >&5
configure:5207: $? = 0
configure:5207: result: yes
configure:5232: checking for AvailabilityMacros.h
configure:5232: gcc -c -g -O2  conftest.c >&5
conftest.c:52:10: fatal error: AvailabilityMacros.h: No such file or directory
   52 | #include <AvailabilityMacros.h>
      |          ^~~~~~~~~~~~~~~~~~~~~~
compilation terminated.
configure:5232: $? = 1
configure: failed program was:
| /* confdefs.h */
| #define PACKAGE_NAME ""
| #define PACKAGE_TARNAME ""
| #define PACKAGE_VERSION ""
| #define PACKAGE_STRING ""
| #define PACKAGE_BUGREPORT ""
| #define PACKAGE_URL ""
| #define UNIX 1
| #define HAVE_SYS_WAIT_H 1
| #define HAVE_STDIO_H 1
| #define HAVE_STDLIB_H 1
| #define HAVE_STRING_H 1
| #define HAVE_INTTYPES_H 1
| #define HAVE_STDINT_H 1
| #define HAVE_STRINGS_H 1
| #define HAVE_SYS_STAT_H 1
| #define HAVE_SYS_TYPES_H 1
| #define HAVE_UNISTD_H 1
| #define HAVE_SYS_TIME_H 1
| #define HAVE_SYS_SELECT_H 1
| #define HAVE_SYS_SOCKET_H 1
| #define STDC_HEADERS 1
| /* end confdefs.h.  */
| #include <stddef.h>
| #ifdef HAVE_STDIO_H
| # include <stdio.h>
| #endif
| #ifdef HAVE_STDLIB_H
| # include <stdlib.h>
| #endif
| #ifdef HAVE_STRING_H
| # include <string.h>
| #endif
| #ifdef HAVE_INTTYPES_H
| # include <inttypes.h>
| #endif
| #ifdef HAVE_STDINT_H
| # include <stdint.h>
| #endif
| #ifdef HAVE_STRINGS_H
| # include <strings.h>
| #endif
| #ifdef HAVE_SYS_TYPES_H
| # include <sys/types.h>
| #endif
| #ifdef HAVE_SYS_STAT_H
| # include <sys/stat.h>
| #endif
| #ifdef HAVE_UNISTD_H
| # include <unistd.h>
| #endif
| #include <AvailabilityMacros.h>
configure:5232: result: no
configure:5240: checking for dispatch/dispatch.h
configure:5240: gcc -c -g -O2  conftest.c >&5
conftest.c:52:10: fatal error: dispatch/dispatch.h: No such file or directory
   52 | #include <dispatch/dispatch.h>
      |          ^~~~~~~~~~~~~~~~~~~~~
compilation terminated.
configure:5240: $? = 1
configure: failed program was:
| /* confdefs.h */
| #define PACKAGE_NAME ""
| #define PACKAGE_TARNAME ""
| #define PACKAGE_VERSION ""
| #define PACKAGE_STRING ""
| #define PACKAGE_BUGREPORT ""
| #define PACKAGE_URL ""
| #define UNIX 1
| #define HAVE_SYS_WAIT_H 1
| #define HAVE_STDIO_H 1
| #define HAVE_STDLIB_H 1
| #define HAVE_STRING_H 1
| #define HAVE_INTTYPES_H 1
| #define HAVE_STDINT_H 1
| #define HAVE_STRINGS_H 1
| #define HAVE_SYS_STAT_H 1
| #define HAVE_SYS_TYPES_H 1
| #define HAVE_UNISTD_H 1
| #define HAVE_SYS_TIME_H 1
| #define HAVE_SYS_SELECT_H 1
| #define HAVE_SYS_SOCKET_H 1
| #define STDC_HEADERS 1
| /* end confdefs.h.  */
| #include <stddef.h>
| #ifdef HAVE_STDIO_H
| # include <stdio.h>
| #endif
| #ifdef HAVE_STDLIB_H
| # include <stdlib.h>
| #endif
| #ifdef HAVE_STRING_H
| # include <string.h>
| #endif
| #ifdef HAVE_INTTYPES_H
| # include <inttypes.h>
| #endif
| #ifdef HAVE_STDINT_H
| # include <stdint.h>
| #endif
| #ifdef HAVE_STRINGS_H
| # include <strings.h>
| #endif
| #ifdef HAVE_SYS_TYPES_H
| # include <sys/types.h>
| #endif
| #ifdef HAVE_SYS_STAT_H
| # include <sys/stat.h>
| #endif
| #ifdef HAVE_UNISTD_H
| # include <unistd.h>
| #endif
| #include <dispatch/dispatch.h>
configure:5240: result: no
configure:5252: checking --with-local-dir argument
configure:5277: result: Defaulting to /usr/local
configure:5303: checking --with-vim-name argument
configure:5309: result: edit
configure:5318: checking --with-ex-name argument
configure:5327: result: Defaulting to ex
configure:5333: checking --with-view-name argument
configure:5342: result: Defaulting to view
configure:5349: checking --with-global-runtime argument
configure:5355: result: /usr/share/bx/vim
configure:5372: checking --with-modified-by argument
configure:5378: result: bx
configure:5388: checking if character set is EBCDIC
configure:5407: gcc -c -g -O2  conftest.c >&5
conftest.c: In function 'main':
conftest.c:36:1: error: unknown type name 'make'
   36 | make an error "Character set is not EBCDIC"
      | ^~~~
conftest.c:36:9: error: expected '=', ',', ';', 'asm' or '__attribute__' before 'error'
   36 | make an error "Character set is not EBCDIC"
      |         ^~~~~
configure:5407: $? = 1
configure: failed program was:
| /* confdefs.h */
| #define PACKAGE_NAME ""
| #define PACKAGE_TARNAME ""
| #define PACKAGE_VERSION ""
| #define PACKAGE_STRING ""
| #define PACKAGE_BUGREPORT ""
| #define PACKAGE_URL ""
| #define UNIX 1
| #define HAVE_SYS_WAIT_H 1
| #define HAVE_STDIO_H 1
| #define HAVE_STDLIB_H 1
| #define HAVE_STRING_H 1
| #define HAVE_INTTYPES_H 1
| #define HAVE_STDINT_H 1
| #define HAVE_STRINGS_H 1
| #define HAVE_SYS_STAT_H 1
| #define HAVE_SYS_TYPES_H 1
| #define HAVE_UNISTD_H 1
| #define HAVE_SYS_TIME_H 1
| #define HAVE_SYS_SELECT_H 1
| #define HAVE_SYS_SOCKET_H 1
| #define STDC_HEADERS 1
| #define RUNTIME_GLOBAL "/usr/share/bx/vim"
| #define RUNTIME_GLOBAL_AFTER "/usr/share/bx/vim/after"
| #define MODIFIED_BY "bx"
| /* end confdefs.h.  */
| 
| int
| main (void)
| {
|  /* TryCompile function for CharSet.
|    Treat any failure as ASCII for compatibility with existing art.
|    Use compile-time rather than run-time tests for cross-compiler
|    tolerance.  */
| #if '0'!=240
| make an error "Character set is not EBCDIC"
| #endif
|   ;
|   return 0;
| }
configure:5419: result: no
configure:5480: checking --disable-smack argument
configure:5504: result: yes
configure:5728: checking --disable-selinux argument
configure:5798: result: yes
configure:5803: checking --enable-xattr argument
configure:5825: result: no
configure:5830: checking --with-features argument
configure:5836: result: normal
configure:5874: checking --with-compiledby argument
configure:5880: result: bx
configure:5890: checking --disable-xsmp argument
configure:5926: result: yes
configure:5930: checking diff feature
configure:5936: result: enabled
configure:5944: checking --enable-luainterp argument
configure:5955: result: no
configure:6336: checking --enable-mzschemeinterp argument
configure:6347: result: no
configure:6764: checking --enable-perlinterp argument
configure:6775: result: no
configure:7013: checking --enable-pythoninterp argument
configure:7024: result: no
configure:7393: checking --enable-python3interp argument
configure:7404: result: no
configure:8088: checking --enable-tclinterp argument
configure:8099: result: no
configure:8477: checking --enable-rubyinterp argument
configure:8488: result: no
configure:8642: checking --enable-cscope argument
configure:8653: result: yes
configure:8660: checking --disable-netbeans argument
configure:8681: result: yes
configure:8685: checking --disable-channel argument
configure:8711: result: yes
configure:9013: checking --enable-terminal argument
configure:9045: result: no
configure:9060: checking --enable-autoservername argument
configure:9071: result: no
configure:9078: checking --enable-socketserver argument
configure:9104: result: no
configure:9108: checking --enable-multibyte argument
configure:9119: result: yes
configure:9126: checking --disable-rightleft argument
configure:9138: result: no
configure:9147: checking --disable-arabic argument
configure:9159: result: no
configure:9175: checking --enable-xim argument
configure:9183: result: defaulting to auto
configure:9189: checking --enable-fontset argument
configure:9200: result: no
configure:9203: checking if shm_open is available
configure:9220: gcc -o conftest -g -O2    -L/usr/local/lib conftest.c  >&5
configure:9220: $? = 0
configure:9222: result: yes
configure:9234: checking --with-wayland argument
configure:9249: result: yes
configure:9261: checking for wayland
configure:9289: result: no
configure:9300: result: defaulting to: don't HAVE_X11
configure:10472: checking --enable-gui argument
configure:10542: result: no GUI support
configure:11931: checking for /proc link to executable
configure:11934: result: /proc/self/exe
configure:11953: checking for CYGWIN or MSYS environment
configure:11971: result: no
configure:11976: checking whether toupper is broken
configure:12003: gcc -o conftest -g -O2   -L/usr/local/lib conftest.c  >&5
configure:12003: $? = 0
configure:12003: ./conftest
configure:12003: $? = 1
configure: program exited with status 1
configure: failed program was:
| /* confdefs.h */
| #define PACKAGE_NAME ""
| #define PACKAGE_TARNAME ""
| #define PACKAGE_VERSION ""
| #define PACKAGE_STRING ""
| #define PACKAGE_BUGREPORT ""
| #define PACKAGE_URL ""
| #define UNIX 1
| #define HAVE_SYS_WAIT_H 1
| #define HAVE_STDIO_H 1
| #define HAVE_STDLIB_H 1
| #define HAVE_STRING_H 1
| #define HAVE_INTTYPES_H 1
| #define HAVE_STDINT_H 1
| #define HAVE_STRINGS_H 1
| #define HAVE_SYS_STAT_H 1
| #define HAVE_SYS_TYPES_H 1
| #define HAVE_UNISTD_H 1
| #define HAVE_SYS_TIME_H 1
| #define HAVE_SYS_SELECT_H 1
| #define HAVE_SYS_SOCKET_H 1
| #define STDC_HEADERS 1
| #define RUNTIME_GLOBAL "/usr/share/bx/vim"
| #define RUNTIME_GLOBAL_AFTER "/usr/share/bx/vim/after"
| #define MODIFIED_BY "bx"
| #define FEAT_NORMAL 1
| #define FEAT_DIFF 1
| #define ENABLE_CSCOPE 1
| #define HAVE_SHM_OPEN 1
| #define PROC_EXE_LINK "/proc/self/exe"
| /* end confdefs.h.  */
| 
| #include "confdefs.h"
| #include <ctype.h>
| #if STDC_HEADERS
| # include <stdlib.h>
| # include <stddef.h>
| #endif
| int main() { exit(toupper('A') == 'A' && tolower('z') == 'z'); }
| 
configure:12021: result: no
configure:12029: checking whether __DATE__ and __TIME__ work
configure:12042: gcc -c -g -O2  conftest.c >&5
configure:12042: $? = 0
configure:12044: result: yes
configure:12054: checking whether __attribute__((unused)) is allowed
configure:12067: gcc -c -g -O2  conftest.c >&5
configure:12067: $? = 0
configure:12069: result: yes
configure:12082: checking for dirent.h that defines DIR
configure:12102: gcc -c -g -O2  conftest.c >&5
configure:12102: $? = 0
configure:12113: result: yes
configure:12127: checking for library containing opendir
configure:12163: gcc -o conftest -g -O2   -L/usr/local/lib conftest.c  >&5
configure:12163: $? = 0
configure:12185: result: none required
configure:12265: checking for sys/wait.h
configure:12265: result: yes
configure:12272: checking for waitpid
configure:12272: gcc -o conftest -g -O2   -L/usr/local/lib conftest.c  >&5
configure:12272: $? = 0
configure:12272: result: yes
configure:12280: checking for stdint.h
configure:12280: result: yes
configure:12286: checking for stdlib.h
configure:12286: result: yes
configure:12292: checking for string.h
configure:12292: result: yes
configure:12298: checking for sys/select.h
configure:12298: result: yes
configure:12304: checking for sys/utsname.h
configure:12304: gcc -c -g -O2  conftest.c >&5
configure:12304: $? = 0
configure:12304: result: yes
configure:12310: checking for termcap.h
configure:12310: gcc -c -g -O2  conftest.c >&5
configure:12310: $? = 0
configure:12310: result: yes
configure:12316: checking for fcntl.h
configure:12316: gcc -c -g -O2  conftest.c >&5
configure:12316: $? = 0
configure:12316: result: yes
configure:12322: checking for sgtty.h
configure:12322: gcc -c -g -O2  conftest.c >&5
configure:12322: $? = 0
configure:12322: result: yes
configure:12328: checking for sys/ioctl.h
configure:12328: gcc -c -g -O2  conftest.c >&5
configure:12328: $? = 0
configure:12328: result: yes
configure:12334: checking for sys/time.h
configure:12334: result: yes
configure:12340: checking for sys/types.h
configure:12340: result: yes
configure:12346: checking for termio.h
configure:12346: gcc -c -g -O2  conftest.c >&5
configure:12346: $? = 0
configure:12346: result: yes
configure:12352: checking for iconv.h
configure:12352: gcc -c -g -O2  conftest.c >&5
configure:12352: $? = 0
configure:12352: result: yes
configure:12358: checking for inttypes.h
configure:12358: result: yes
configure:12364: checking for langinfo.h
configure:12364: gcc -c -g -O2  conftest.c >&5
configure:12364: $? = 0
configure:12364: result: yes
configure:12370: checking for math.h
configure:12370: gcc -c -g -O2  conftest.c >&5
configure:12370: $? = 0
configure:12370: result: yes
configure:12376: checking for unistd.h
configure:12376: result: yes
configure:12382: checking for stropts.h
configure:12382: gcc -c -g -O2  conftest.c >&5
conftest.c:82:10: fatal error: stropts.h: No such file or directory
   82 | #include <stropts.h>
      |          ^~~~~~~~~~~
compilation terminated.
configure:12382: $? = 1
configure: failed program was:
| /* confdefs.h */
| #define PACKAGE_NAME ""
| #define PACKAGE_TARNAME ""
| #define PACKAGE_VERSION ""
| #define PACKAGE_STRING ""
| #define PACKAGE_BUGREPORT ""
| #define PACKAGE_URL ""
| #define UNIX 1
| #define HAVE_SYS_WAIT_H 1
| #define HAVE_STDIO_H 1
| #define HAVE_STDLIB_H 1
| #define HAVE_STRING_H 1
| #define HAVE_INTTYPES_H 1
| #define HAVE_STDINT_H 1
| #define HAVE_STRINGS_H 1
| #define HAVE_SYS_STAT_H 1
| #define HAVE_SYS_TYPES_H 1
| #define HAVE_UNISTD_H 1
| #define HAVE_SYS_TIME_H 1
| #define HAVE_SYS_SELECT_H 1
| #define HAVE_SYS_SOCKET_H 1
| #define STDC_HEADERS 1
| #define RUNTIME_GLOBAL "/usr/share/bx/vim"
| #define RUNTIME_GLOBAL_AFTER "/usr/share/bx/vim/after"
| #define MODIFIED_BY "bx"
| #define FEAT_NORMAL 1
| #define FEAT_DIFF 1
| #define ENABLE_CSCOPE 1
| #define HAVE_SHM_OPEN 1
| #define PROC_EXE_LINK "/proc/self/exe"
| #define HAVE_DATE_TIME 1
| #define HAVE_ATTRIBUTE_UNUSED 1
| #define HAVE_DIRENT_H 1
| #define HAVE_SYS_WAIT_H 1
| #define HAVE_WAITPID 1
| #define HAVE_STDINT_H 1
| #define HAVE_STDLIB_H 1
| #define HAVE_STRING_H 1
| #define HAVE_SYS_SELECT_H 1
| #define HAVE_SYS_UTSNAME_H 1
| #define HAVE_TERMCAP_H 1
| #define HAVE_FCNTL_H 1
| #define HAVE_SGTTY_H 1
| #define HAVE_SYS_IOCTL_H 1
| #define HAVE_SYS_TIME_H 1
| #define HAVE_SYS_TYPES_H 1
| #define HAVE_TERMIO_H 1
| #define HAVE_ICONV_H 1
| #define HAVE_INTTYPES_H 1
| #define HAVE_LANGINFO_H 1
| #define HAVE_MATH_H 1
| #define HAVE_UNISTD_H 1
| /* end confdefs.h.  */
| #include <stddef.h>
| #ifdef HAVE_STDIO_H
| # include <stdio.h>
| #endif
| #ifdef HAVE_STDLIB_H
| # include <stdlib.h>
| #endif
| #ifdef HAVE_STRING_H
| # include <string.h>
| #endif
| #ifdef HAVE_INTTYPES_H
| # include <inttypes.h>
| #endif
| #ifdef HAVE_STDINT_H
| # include <stdint.h>
| #endif
| #ifdef HAVE_STRINGS_H
| # include <strings.h>
| #endif
| #ifdef HAVE_SYS_TYPES_H
| # include <sys/types.h>
| #endif
| #ifdef HAVE_SYS_STAT_H
| # include <sys/stat.h>
| #endif
| #ifdef HAVE_UNISTD_H
| # include <unistd.h>
| #endif
| #include <stropts.h>
configure:12382: result: no
configure:12388: checking for errno.h
configure:12388: gcc -c -g -O2  conftest.c >&5
configure:12388: $? = 0
configure:12388: result: yes
configure:12394: checking for sys/resource.h
configure:12394: gcc -c -g -O2  conftest.c >&5
configure:12394: $? = 0
configure:12394: result: yes
configure:12400: checking for sys/systeminfo.h
configure:12400: gcc -c -g -O2  conftest.c >&5
conftest.c:84:10: fatal error: sys/systeminfo.h: No such file or directory
   84 | #include <sys/systeminfo.h>
      |          ^~~~~~~~~~~~~~~~~~
compilation terminated.
configure:12400: $? = 1
configure: failed program was:
| /* confdefs.h */
| #define PACKAGE_NAME ""
| #define PACKAGE_TARNAME ""
| #define PACKAGE_VERSION ""
| #define PACKAGE_STRING ""
| #define PACKAGE_BUGREPORT ""
| #define PACKAGE_URL ""
| #define UNIX 1
| #define HAVE_SYS_WAIT_H 1
| #define HAVE_STDIO_H 1
| #define HAVE_STDLIB_H 1
| #define HAVE_STRING_H 1
| #define HAVE_INTTYPES_H 1
| #define HAVE_STDINT_H 1
| #define HAVE_STRINGS_H 1
| #define HAVE_SYS_STAT_H 1
| #define HAVE_SYS_TYPES_H 1
| #define HAVE_UNISTD_H 1
| #define HAVE_SYS_TIME_H 1
| #define HAVE_SYS_SELECT_H 1
| #define HAVE_SYS_SOCKET_H 1
| #define STDC_HEADERS 1
| #define RUNTIME_GLOBAL "/usr/share/bx/vim"
| #define RUNTIME_GLOBAL_AFTER "/usr/share/bx/vim/after"
| #define MODIFIED_BY "bx"
| #define FEAT_NORMAL 1
| #define FEAT_DIFF 1
| #define ENABLE_CSCOPE 1
| #define HAVE_SHM_OPEN 1
| #define PROC_EXE_LINK "/proc/self/exe"
| #define HAVE_DATE_TIME 1
| #define HAVE_ATTRIBUTE_UNUSED 1
| #define HAVE_DIRENT_H 1
| #define HAVE_SYS_WAIT_H 1
| #define HAVE_WAITPID 1
| #define HAVE_STDINT_H 1
| #define HAVE_STDLIB_H 1
| #define HAVE_STRING_H 1
| #define HAVE_SYS_SELECT_H 1
| #define HAVE_SYS_UTSNAME_H 1
| #define HAVE_TERMCAP_H 1
| #define HAVE_FCNTL_H 1
| #define HAVE_SGTTY_H 1
| #define HAVE_SYS_IOCTL_H 1
| #define HAVE_SYS_TIME_H 1
| #define HAVE_SYS_TYPES_H 1
| #define HAVE_TERMIO_H 1
| #define HAVE_ICONV_H 1
| #define HAVE_INTTYPES_H 1
| #define HAVE_LANGINFO_H 1
| #define HAVE_MATH_H 1
| #define HAVE_UNISTD_H 1
| #define HAVE_ERRNO_H 1
| #define HAVE_SYS_RESOURCE_H 1
| /* end confdefs.h.  */
| #include <stddef.h>
| #ifdef HAVE_STDIO_H
| # include <stdio.h>
| #endif
| #ifdef HAVE_STDLIB_H
| # include <stdlib.h>
| #endif
| #ifdef HAVE_STRING_H
| # include <string.h>
| #endif
| #ifdef HAVE_INTTYPES_H
| # include <inttypes.h>
| #endif
| #ifdef HAVE_STDINT_H
| # include <stdint.h>
| #endif
| #ifdef HAVE_STRINGS_H
| # include <strings.h>
| #endif
| #ifdef HAVE_SYS_TYPES_H
| # include <sys/types.h>
| #endif
| #ifdef HAVE_SYS_STAT_H
| # include <sys/stat.h>
| #endif
| #ifdef HAVE_UNISTD_H
| # include <unistd.h>
| #endif
| #include <sys/systeminfo.h>
configure:12400: result: no
configure:12406: checking for locale.h
configure:12406: gcc -c -g -O2  conftest.c >&5
configure:12406: $? = 0
configure:12406: result: yes
configure:12412: checking for sys/stream.h
configure:12412: gcc -c -g -O2  conftest.c >&5
conftest.c:85:10: fatal error: sys/stream.h: No such file or directory
   85 | #include <sys/stream.h>
      |          ^~~~~~~~~~~~~~
compilation terminated.
configure:12412: $? = 1
configure: failed program was:
| /* confdefs.h */
| #define PACKAGE_NAME ""
| #define PACKAGE_TARNAME ""
| #define PACKAGE_VERSION ""
| #define PACKAGE_STRING ""
| #define PACKAGE_BUGREPORT ""
| #define PACKAGE_URL ""
| #define UNIX 1
| #define HAVE_SYS_WAIT_H 1
| #define HAVE_STDIO_H 1
| #define HAVE_STDLIB_H 1
| #define HAVE_STRING_H 1
| #define HAVE_INTTYPES_H 1
| #define HAVE_STDINT_H 1
| #define HAVE_STRINGS_H 1
| #define HAVE_SYS_STAT_H 1
| #define HAVE_SYS_TYPES_H 1
| #define HAVE_UNISTD_H 1
| #define HAVE_SYS_TIME_H 1
| #define HAVE_SYS_SELECT_H 1
| #define HAVE_SYS_SOCKET_H 1
| #define STDC_HEADERS 1
| #define RUNTIME_GLOBAL "/usr/share/bx/vim"
| #define RUNTIME_GLOBAL_AFTER "/usr/share/bx/vim/after"
| #define MODIFIED_BY "bx"
| #define FEAT_NORMAL 1
| #define FEAT_DIFF 1
| #define ENABLE_CSCOPE 1
| #define HAVE_SHM_OPEN 1
| #define PROC_EXE_LINK "/proc/self/exe"
| #define HAVE_DATE_TIME 1
| #define HAVE_ATTRIBUTE_UNUSED 1
| #define HAVE_DIRENT_H 1
| #define HAVE_SYS_WAIT_H 1
| #define HAVE_WAITPID 1
| #define HAVE_STDINT_H 1
| #define HAVE_STDLIB_H 1
| #define HAVE_STRING_H 1
| #define HAVE_SYS_SELECT_H 1
| #define HAVE_SYS_UTSNAME_H 1
| #define HAVE_TERMCAP_H 1
| #define HAVE_FCNTL_H 1
| #define HAVE_SGTTY_H 1
| #define HAVE_SYS_IOCTL_H 1
| #define HAVE_SYS_TIME_H 1
| #define HAVE_SYS_TYPES_H 1
| #define HAVE_TERMIO_H 1
| #define HAVE_ICONV_H 1
| #define HAVE_INTTYPES_H 1
| #define HAVE_LANGINFO_H 1
| #define HAVE_MATH_H 1
| #define HAVE_UNISTD_H 1
| #define HAVE_ERRNO_H 1
| #define HAVE_SYS_RESOURCE_H 1
| #define HAVE_LOCALE_H 1
| /* end confdefs.h.  */
| #include <stddef.h>
| #ifdef HAVE_STDIO_H
| # include <stdio.h>
| #endif
| #ifdef HAVE_STDLIB_H
| # include <stdlib.h>
| #endif
| #ifdef HAVE_STRING_H
| # include <string.h>
| #endif
| #ifdef HAVE_INTTYPES_H
| # include <inttypes.h>
| #endif
| #ifdef HAVE_STDINT_H
| # include <stdint.h>
| #endif
| #ifdef HAVE_STRINGS_H
| # include <strings.h>
| #endif
| #ifdef HAVE_SYS_TYPES_H
| # include <sys/types.h>
| #endif
| #ifdef HAVE_SYS_STAT_H
| # include <sys/stat.h>
| #endif
| #ifdef HAVE_UNISTD_H
| # include <unistd.h>
| #endif
| #include <sys/stream.h>
configure:12412: result: no
configure:12418: checking for termios.h
configure:12418: gcc -c -g -O2  conftest.c >&5
configure:12418: $? = 0
configure:12418: result: yes
configure:12424: checking for libc.h
configure:12424: gcc -c -g -O2  conftest.c >&5
conftest.c:86:10: fatal error: libc.h: No such file or directory
   86 | #include <libc.h>
      |          ^~~~~~~~
compilation terminated.
configure:12424: $? = 1
configure: failed program was:
| /* confdefs.h */
| #define PACKAGE_NAME ""
| #define PACKAGE_TARNAME ""
| #define PACKAGE_VERSION ""
| #define PACKAGE_STRING ""
| #define PACKAGE_BUGREPORT ""
| #define PACKAGE_URL ""
| #define UNIX 1
| #define HAVE_SYS_WAIT_H 1
| #define HAVE_STDIO_H 1
| #define HAVE_STDLIB_H 1
| #define HAVE_STRING_H 1
| #define HAVE_INTTYPES_H 1
| #define HAVE_STDINT_H 1
| #define HAVE_STRINGS_H 1
| #define HAVE_SYS_STAT_H 1
| #define HAVE_SYS_TYPES_H 1
| #define HAVE_UNISTD_H 1
| #define HAVE_SYS_TIME_H 1
| #define HAVE_SYS_SELECT_H 1
| #define HAVE_SYS_SOCKET_H 1
| #define STDC_HEADERS 1
| #define RUNTIME_GLOBAL "/usr/share/bx/vim"
| #define RUNTIME_GLOBAL_AFTER "/usr/share/bx/vim/after"
| #define MODIFIED_BY "bx"
| #define FEAT_NORMAL 1
| #define FEAT_DIFF 1
| #define ENABLE_CSCOPE 1
| #define HAVE_SHM_OPEN 1
| #define PROC_EXE_LINK "/proc/self/exe"
| #define HAVE_DATE_TIME 1
| #define HAVE_ATTRIBUTE_UNUSED 1
| #define HAVE_DIRENT_H 1
| #define HAVE_SYS_WAIT_H 1
| #define HAVE_WAITPID 1
| #define HAVE_STDINT_H 1
| #define HAVE_STDLIB_H 1
| #define HAVE_STRING_H 1
| #define HAVE_SYS_SELECT_H 1
| #define HAVE_SYS_UTSNAME_H 1
| #define HAVE_TERMCAP_H 1
| #define HAVE_FCNTL_H 1
| #define HAVE_SGTTY_H 1
| #define HAVE_SYS_IOCTL_H 1
| #define HAVE_SYS_TIME_H 1
| #define HAVE_SYS_TYPES_H 1
| #define HAVE_TERMIO_H 1
| #define HAVE_ICONV_H 1
| #define HAVE_INTTYPES_H 1
| #define HAVE_LANGINFO_H 1
| #define HAVE_MATH_H 1
| #define HAVE_UNISTD_H 1
| #define HAVE_ERRNO_H 1
| #define HAVE_SYS_RESOURCE_H 1
| #define HAVE_LOCALE_H 1
| #define HAVE_TERMIOS_H 1
| /* end confdefs.h.  */
| #include <stddef.h>
| #ifdef HAVE_STDIO_H
| # include <stdio.h>
| #endif
| #ifdef HAVE_STDLIB_H
| # include <stdlib.h>
| #endif
| #ifdef HAVE_STRING_H
| # include <string.h>
| #endif
| #ifdef HAVE_INTTYPES_H
| # include <inttypes.h>
| #endif
| #ifdef HAVE_STDINT_H
| # include <stdint.h>
| #endif
| #ifdef HAVE_STRINGS_H
| # include <strings.h>
| #endif
| #ifdef HAVE_SYS_TYPES_H
| # include <sys/types.h>
| #endif
| #ifdef HAVE_SYS_STAT_H
| # include <sys/stat.h>
| #endif
| #ifdef HAVE_UNISTD_H
| # include <unistd.h>
| #endif
| #include <libc.h>
configure:12424: result: no
configure:12430: checking for sys/statfs.h
configure:12430: gcc -c -g -O2  conftest.c >&5
configure:12430: $? = 0
configure:12430: result: yes
configure:12436: checking for poll.h
configure:12436: gcc -c -g -O2  conftest.c >&5
configure:12436: $? = 0
configure:12436: result: yes
configure:12442: checking for sys/poll.h
configure:12442: gcc -c -g -O2  conftest.c >&5
configure:12442: $? = 0
configure:12442: result: yes
configure:12448: checking for pwd.h
configure:12448: gcc -c -g -O2  conftest.c >&5
configure:12448: $? = 0
configure:12448: result: yes
configure:12454: checking for utime.h
configure:12454: gcc -c -g -O2  conftest.c >&5
configure:12454: $? = 0
configure:12454: result: yes
configure:12460: checking for sys/param.h
configure:12460: gcc -c -g -O2  conftest.c >&5
configure:12460: $? = 0
configure:12460: result: yes
configure:12466: checking for sys/ptms.h
configure:12466: gcc -c -g -O2  conftest.c >&5
conftest.c:92:10: fatal error: sys/ptms.h: No such file or directory
   92 | #include <sys/ptms.h>
      |          ^~~~~~~~~~~~
compilation terminated.
configure:12466: $? = 1
configure: failed program was:
| /* confdefs.h */
| #define PACKAGE_NAME ""
| #define PACKAGE_TARNAME ""
| #define PACKAGE_VERSION ""
| #define PACKAGE_STRING ""
| #define PACKAGE_BUGREPORT ""
| #define PACKAGE_URL ""
| #define UNIX 1
| #define HAVE_SYS_WAIT_H 1
| #define HAVE_STDIO_H 1
| #define HAVE_STDLIB_H 1
| #define HAVE_STRING_H 1
| #define HAVE_INTTYPES_H 1
| #define HAVE_STDINT_H 1
| #define HAVE_STRINGS_H 1
| #define HAVE_SYS_STAT_H 1
| #define HAVE_SYS_TYPES_H 1
| #define HAVE_UNISTD_H 1
| #define HAVE_SYS_TIME_H 1
| #define HAVE_SYS_SELECT_H 1
| #define HAVE_SYS_SOCKET_H 1
| #define STDC_HEADERS 1
| #define RUNTIME_GLOBAL "/usr/share/bx/vim"
| #define RUNTIME_GLOBAL_AFTER "/usr/share/bx/vim/after"
| #define MODIFIED_BY "bx"
| #define FEAT_NORMAL 1
| #define FEAT_DIFF 1
| #define ENABLE_CSCOPE 1
| #define HAVE_SHM_OPEN 1
| #define PROC_EXE_LINK "/proc/self/exe"
| #define HAVE_DATE_TIME 1
| #define HAVE_ATTRIBUTE_UNUSED 1
| #define HAVE_DIRENT_H 1
| #define HAVE_SYS_WAIT_H 1
| #define HAVE_WAITPID 1
| #define HAVE_STDINT_H 1
| #define HAVE_STDLIB_H 1
| #define HAVE_STRING_H 1
| #define HAVE_SYS_SELECT_H 1
| #define HAVE_SYS_UTSNAME_H 1
| #define HAVE_TERMCAP_H 1
| #define HAVE_FCNTL_H 1
| #define HAVE_SGTTY_H 1
| #define HAVE_SYS_IOCTL_H 1
| #define HAVE_SYS_TIME_H 1
| #define HAVE_SYS_TYPES_H 1
| #define HAVE_TERMIO_H 1
| #define HAVE_ICONV_H 1
| #define HAVE_INTTYPES_H 1
| #define HAVE_LANGINFO_H 1
| #define HAVE_MATH_H 1
| #define HAVE_UNISTD_H 1
| #define HAVE_ERRNO_H 1
| #define HAVE_SYS_RESOURCE_H 1
| #define HAVE_LOCALE_H 1
| #define HAVE_TERMIOS_H 1
| #define HAVE_SYS_STATFS_H 1
| #define HAVE_POLL_H 1
| #define HAVE_SYS_POLL_H 1
| #define HAVE_PWD_H 1
| #define HAVE_UTIME_H 1
| #define HAVE_SYS_PARAM_H 1
| /* end confdefs.h.  */
| #include <stddef.h>
| #ifdef HAVE_STDIO_H
| # include <stdio.h>
| #endif
| #ifdef HAVE_STDLIB_H
| # include <stdlib.h>
| #endif
| #ifdef HAVE_STRING_H
| # include <string.h>
| #endif
| #ifdef HAVE_INTTYPES_H
| # include <inttypes.h>
| #endif
| #ifdef HAVE_STDINT_H
| # include <stdint.h>
| #endif
| #ifdef HAVE_STRINGS_H
| # include <strings.h>
| #endif
| #ifdef HAVE_SYS_TYPES_H
| # include <sys/types.h>
| #endif
| #ifdef HAVE_SYS_STAT_H
| # include <sys/stat.h>
| #endif
| #ifdef HAVE_UNISTD_H
| # include <unistd.h>
| #endif
| #include <sys/ptms.h>
configure:12466: result: no
configure:12472: checking for libintl.h
configure:12472: gcc -c -g -O2  conftest.c >&5
configure:12472: $? = 0
configure:12472: result: yes
configure:12478: checking for libgen.h
configure:12478: gcc -c -g -O2  conftest.c >&5
configure:12478: $? = 0
configure:12478: result: yes
configure:12484: checking for util/debug.h
configure:12484: gcc -c -g -O2  conftest.c >&5
conftest.c:94:10: fatal error: util/debug.h: No such file or directory
   94 | #include <util/debug.h>
      |          ^~~~~~~~~~~~~~
compilation terminated.
configure:12484: $? = 1
configure: failed program was:
| /* confdefs.h */
| #define PACKAGE_NAME ""
| #define PACKAGE_TARNAME ""
| #define PACKAGE_VERSION ""
| #define PACKAGE_STRING ""
| #define PACKAGE_BUGREPORT ""
| #define PACKAGE_URL ""
| #define UNIX 1
| #define HAVE_SYS_WAIT_H 1
| #define HAVE_STDIO_H 1
| #define HAVE_STDLIB_H 1
| #define HAVE_STRING_H 1
| #define HAVE_INTTYPES_H 1
| #define HAVE_STDINT_H 1
| #define HAVE_STRINGS_H 1
| #define HAVE_SYS_STAT_H 1
| #define HAVE_SYS_TYPES_H 1
| #define HAVE_UNISTD_H 1
| #define HAVE_SYS_TIME_H 1
| #define HAVE_SYS_SELECT_H 1
| #define HAVE_SYS_SOCKET_H 1
| #define STDC_HEADERS 1
| #define RUNTIME_GLOBAL "/usr/share/bx/vim"
| #define RUNTIME_GLOBAL_AFTER "/usr/share/bx/vim/after"
| #define MODIFIED_BY "bx"
| #define FEAT_NORMAL 1
| #define FEAT_DIFF 1
| #define ENABLE_CSCOPE 1
| #define HAVE_SHM_OPEN 1
| #define PROC_EXE_LINK "/proc/self/exe"
| #define HAVE_DATE_TIME 1
| #define HAVE_ATTRIBUTE_UNUSED 1
| #define HAVE_DIRENT_H 1
| #define HAVE_SYS_WAIT_H 1
| #define HAVE_WAITPID 1
| #define HAVE_STDINT_H 1
| #define HAVE_STDLIB_H 1
| #define HAVE_STRING_H 1
| #define HAVE_SYS_SELECT_H 1
| #define HAVE_SYS_UTSNAME_H 1
| #define HAVE_TERMCAP_H 1
| #define HAVE_FCNTL_H 1
| #define HAVE_SGTTY_H 1
| #define HAVE_SYS_IOCTL_H 1
| #define HAVE_SYS_TIME_H 1
| #define HAVE_SYS_TYPES_H 1
| #define HAVE_TERMIO_H 1
| #define HAVE_ICONV_H 1
| #define HAVE_INTTYPES_H 1
| #define HAVE_LANGINFO_H 1
| #define HAVE_MATH_H 1
| #define HAVE_UNISTD_H 1
| #define HAVE_ERRNO_H 1
| #define HAVE_SYS_RESOURCE_H 1
| #define HAVE_LOCALE_H 1
| #define HAVE_TERMIOS_H 1
| #define HAVE_SYS_STATFS_H 1
| #define HAVE_POLL_H 1
| #define HAVE_SYS_POLL_H 1
| #define HAVE_PWD_H 1
| #define HAVE_UTIME_H 1
| #define HAVE_SYS_PARAM_H 1
| #define HAVE_LIBINTL_H 1
| #define HAVE_LIBGEN_H 1
| /* end confdefs.h.  */
| #include <stddef.h>
| #ifdef HAVE_STDIO_H
| # include <stdio.h>
| #endif
| #ifdef HAVE_STDLIB_H
| # include <stdlib.h>
| #endif
| #ifdef HAVE_STRING_H
| # include <string.h>
| #endif
| #ifdef HAVE_INTTYPES_H
| # include <inttypes.h>
| #endif
| #ifdef HAVE_STDINT_H
| # include <stdint.h>
| #endif
| #ifdef HAVE_STRINGS_H
| # include <strings.h>
| #endif
| #ifdef HAVE_SYS_TYPES_H
| # include <sys/types.h>
| #endif
| #ifdef HAVE_SYS_STAT_H
| # include <sys/stat.h>
| #endif
| #ifdef HAVE_UNISTD_H
| # include <unistd.h>
| #endif
| #include <util/debug.h>
configure:12484: result: no
configure:12490: checking for util/msg18n.h
configure:12490: gcc -c -g -O2  conftest.c >&5
conftest.c:94:10: fatal error: util/msg18n.h: No such file or directory
   94 | #include <util/msg18n.h>
      |          ^~~~~~~~~~~~~~~
compilation terminated.
configure:12490: $? = 1
configure: failed program was:
| /* confdefs.h */
| #define PACKAGE_NAME ""
| #define PACKAGE_TARNAME ""
| #define PACKAGE_VERSION ""
| #define PACKAGE_STRING ""
| #define PACKAGE_BUGREPORT ""
| #define PACKAGE_URL ""
| #define UNIX 1
| #define HAVE_SYS_WAIT_H 1
| #define HAVE_STDIO_H 1
| #define HAVE_STDLIB_H 1
| #define HAVE_STRING_H 1
| #define HAVE_INTTYPES_H 1
| #define HAVE_STDINT_H 1
| #define HAVE_STRINGS_H 1
| #define HAVE_SYS_STAT_H 1
| #define HAVE_SYS_TYPES_H 1
| #define HAVE_UNISTD_H 1
| #define HAVE_SYS_TIME_H 1
| #define HAVE_SYS_SELECT_H 1
| #define HAVE_SYS_SOCKET_H 1
| #define STDC_HEADERS 1
| #define RUNTIME_GLOBAL "/usr/share/bx/vim"
| #define RUNTIME_GLOBAL_AFTER "/usr/share/bx/vim/after"
| #define MODIFIED_BY "bx"
| #define FEAT_NORMAL 1
| #define FEAT_DIFF 1
| #define ENABLE_CSCOPE 1
| #define HAVE_SHM_OPEN 1
| #define PROC_EXE_LINK "/proc/self/exe"
| #define HAVE_DATE_TIME 1
| #define HAVE_ATTRIBUTE_UNUSED 1
| #define HAVE_DIRENT_H 1
| #define HAVE_SYS_WAIT_H 1
| #define HAVE_WAITPID 1
| #define HAVE_STDINT_H 1
| #define HAVE_STDLIB_H 1
| #define HAVE_STRING_H 1
| #define HAVE_SYS_SELECT_H 1
| #define HAVE_SYS_UTSNAME_H 1
| #define HAVE_TERMCAP_H 1
| #define HAVE_FCNTL_H 1
| #define HAVE_SGTTY_H 1
| #define HAVE_SYS_IOCTL_H 1
| #define HAVE_SYS_TIME_H 1
| #define HAVE_SYS_TYPES_H 1
| #define HAVE_TERMIO_H 1
| #define HAVE_ICONV_H 1
| #define HAVE_INTTYPES_H 1
| #define HAVE_LANGINFO_H 1
| #define HAVE_MATH_H 1
| #define HAVE_UNISTD_H 1
| #define HAVE_ERRNO_H 1
| #define HAVE_SYS_RESOURCE_H 1
| #define HAVE_LOCALE_H 1
| #define HAVE_TERMIOS_H 1
| #define HAVE_SYS_STATFS_H 1
| #define HAVE_POLL_H 1
| #define HAVE_SYS_POLL_H 1
| #define HAVE_PWD_H 1
| #define HAVE_UTIME_H 1
| #define HAVE_SYS_PARAM_H 1
| #define HAVE_LIBINTL_H 1
| #define HAVE_LIBGEN_H 1
| /* end confdefs.h.  */
| #include <stddef.h>
| #ifdef HAVE_STDIO_H
| # include <stdio.h>
| #endif
| #ifdef HAVE_STDLIB_H
| # include <stdlib.h>
| #endif
| #ifdef HAVE_STRING_H
| # include <string.h>
| #endif
| #ifdef HAVE_INTTYPES_H
| # include <inttypes.h>
| #endif
| #ifdef HAVE_STDINT_H
| # include <stdint.h>
| #endif
| #ifdef HAVE_STRINGS_H
| # include <strings.h>
| #endif
| #ifdef HAVE_SYS_TYPES_H
| # include <sys/types.h>
| #endif
| #ifdef HAVE_SYS_STAT_H
| # include <sys/stat.h>
| #endif
| #ifdef HAVE_UNISTD_H
| # include <unistd.h>
| #endif
| #include <util/msg18n.h>
configure:12490: result: no
configure:12496: checking for frame.h
configure:12496: gcc -c -g -O2  conftest.c >&5
conftest.c:94:10: fatal error: frame.h: No such file or directory
   94 | #include <frame.h>
      |          ^~~~~~~~~
compilation terminated.
configure:12496: $? = 1
configure: failed program was:
| /* confdefs.h */
| #define PACKAGE_NAME ""
| #define PACKAGE_TARNAME ""
| #define PACKAGE_VERSION ""
| #define PACKAGE_STRING ""
| #define PACKAGE_BUGREPORT ""
| #define PACKAGE_URL ""
| #define UNIX 1
| #define HAVE_SYS_WAIT_H 1
| #define HAVE_STDIO_H 1
| #define HAVE_STDLIB_H 1
| #define HAVE_STRING_H 1
| #define HAVE_INTTYPES_H 1
| #define HAVE_STDINT_H 1
| #define HAVE_STRINGS_H 1
| #define HAVE_SYS_STAT_H 1
| #define HAVE_SYS_TYPES_H 1
| #define HAVE_UNISTD_H 1
| #define HAVE_SYS_TIME_H 1
| #define HAVE_SYS_SELECT_H 1
| #define HAVE_SYS_SOCKET_H 1
| #define STDC_HEADERS 1
| #define RUNTIME_GLOBAL "/usr/share/bx/vim"
| #define RUNTIME_GLOBAL_AFTER "/usr/share/bx/vim/after"
| #define MODIFIED_BY "bx"
| #define FEAT_NORMAL 1
| #define FEAT_DIFF 1
| #define ENABLE_CSCOPE 1
| #define HAVE_SHM_OPEN 1
| #define PROC_EXE_LINK "/proc/self/exe"
| #define HAVE_DATE_TIME 1
| #define HAVE_ATTRIBUTE_UNUSED 1
| #define HAVE_DIRENT_H 1
| #define HAVE_SYS_WAIT_H 1
| #define HAVE_WAITPID 1
| #define HAVE_STDINT_H 1
| #define HAVE_STDLIB_H 1
| #define HAVE_STRING_H 1
| #define HAVE_SYS_SELECT_H 1
| #define HAVE_SYS_UTSNAME_H 1
| #define HAVE_TERMCAP_H 1
| #define HAVE_FCNTL_H 1
| #define HAVE_SGTTY_H 1
| #define HAVE_SYS_IOCTL_H 1
| #define HAVE_SYS_TIME_H 1
| #define HAVE_SYS_TYPES_H 1
| #define HAVE_TERMIO_H 1
| #define HAVE_ICONV_H 1
| #define HAVE_INTTYPES_H 1
| #define HAVE_LANGINFO_H 1
| #define HAVE_MATH_H 1
| #define HAVE_UNISTD_H 1
| #define HAVE_ERRNO_H 1
| #define HAVE_SYS_RESOURCE_H 1
| #define HAVE_LOCALE_H 1
| #define HAVE_TERMIOS_H 1
| #define HAVE_SYS_STATFS_H 1
| #define HAVE_POLL_H 1
| #define HAVE_SYS_POLL_H 1
| #define HAVE_PWD_H 1
| #define HAVE_UTIME_H 1
| #define HAVE_SYS_PARAM_H 1
| #define HAVE_LIBINTL_H 1
| #define HAVE_LIBGEN_H 1
| /* end confdefs.h.  */
| #include <stddef.h>
| #ifdef HAVE_STDIO_H
| # include <stdio.h>
| #endif
| #ifdef HAVE_STDLIB_H
| # include <stdlib.h>
| #endif
| #ifdef HAVE_STRING_H
| # include <string.h>
| #endif
| #ifdef HAVE_INTTYPES_H
| # include <inttypes.h>
| #endif
| #ifdef HAVE_STDINT_H
| # include <stdint.h>
| #endif
| #ifdef HAVE_STRINGS_H
| # include <strings.h>
| #endif
| #ifdef HAVE_SYS_TYPES_H
| # include <sys/types.h>
| #endif
| #ifdef HAVE_SYS_STAT_H
| # include <sys/stat.h>
| #endif
| #ifdef HAVE_UNISTD_H
| # include <unistd.h>
| #endif
| #include <frame.h>
configure:12496: result: no
configure:12502: checking for sys/acl.h
configure:12502: gcc -c -g -O2  conftest.c >&5
configure:12502: $? = 0
configure:12502: result: yes
configure:12508: checking for sys/access.h
configure:12508: gcc -c -g -O2  conftest.c >&5
conftest.c:95:10: fatal error: sys/access.h: No such file or directory
   95 | #include <sys/access.h>
      |          ^~~~~~~~~~~~~~
compilation terminated.
configure:12508: $? = 1
configure: failed program was:
| /* confdefs.h */
| #define PACKAGE_NAME ""
| #define PACKAGE_TARNAME ""
| #define PACKAGE_VERSION ""
| #define PACKAGE_STRING ""
| #define PACKAGE_BUGREPORT ""
| #define PACKAGE_URL ""
| #define UNIX 1
| #define HAVE_SYS_WAIT_H 1
| #define HAVE_STDIO_H 1
| #define HAVE_STDLIB_H 1
| #define HAVE_STRING_H 1
| #define HAVE_INTTYPES_H 1
| #define HAVE_STDINT_H 1
| #define HAVE_STRINGS_H 1
| #define HAVE_SYS_STAT_H 1
| #define HAVE_SYS_TYPES_H 1
| #define HAVE_UNISTD_H 1
| #define HAVE_SYS_TIME_H 1
| #define HAVE_SYS_SELECT_H 1
| #define HAVE_SYS_SOCKET_H 1
| #define STDC_HEADERS 1
| #define RUNTIME_GLOBAL "/usr/share/bx/vim"
| #define RUNTIME_GLOBAL_AFTER "/usr/share/bx/vim/after"
| #define MODIFIED_BY "bx"
| #define FEAT_NORMAL 1
| #define FEAT_DIFF 1
| #define ENABLE_CSCOPE 1
| #define HAVE_SHM_OPEN 1
| #define PROC_EXE_LINK "/proc/self/exe"
| #define HAVE_DATE_TIME 1
| #define HAVE_ATTRIBUTE_UNUSED 1
| #define HAVE_DIRENT_H 1
| #define HAVE_SYS_WAIT_H 1
| #define HAVE_WAITPID 1
| #define HAVE_STDINT_H 1
| #define HAVE_STDLIB_H 1
| #define HAVE_STRING_H 1
| #define HAVE_SYS_SELECT_H 1
| #define HAVE_SYS_UTSNAME_H 1
| #define HAVE_TERMCAP_H 1
| #define HAVE_FCNTL_H 1
| #define HAVE_SGTTY_H 1
| #define HAVE_SYS_IOCTL_H 1
| #define HAVE_SYS_TIME_H 1
| #define HAVE_SYS_TYPES_H 1
| #define HAVE_TERMIO_H 1
| #define HAVE_ICONV_H 1
| #define HAVE_INTTYPES_H 1
| #define HAVE_LANGINFO_H 1
| #define HAVE_MATH_H 1
| #define HAVE_UNISTD_H 1
| #define HAVE_ERRNO_H 1
| #define HAVE_SYS_RESOURCE_H 1
| #define HAVE_LOCALE_H 1
| #define HAVE_TERMIOS_H 1
| #define HAVE_SYS_STATFS_H 1
| #define HAVE_POLL_H 1
| #define HAVE_SYS_POLL_H 1
| #define HAVE_PWD_H 1
| #define HAVE_UTIME_H 1
| #define HAVE_SYS_PARAM_H 1
| #define HAVE_LIBINTL_H 1
| #define HAVE_LIBGEN_H 1
| #define HAVE_SYS_ACL_H 1
| /* end confdefs.h.  */
| #include <stddef.h>
| #ifdef HAVE_STDIO_H
| # include <stdio.h>
| #endif
| #ifdef HAVE_STDLIB_H
| # include <stdlib.h>
| #endif
| #ifdef HAVE_STRING_H
| # include <string.h>
| #endif
| #ifdef HAVE_INTTYPES_H
| # include <inttypes.h>
| #endif
| #ifdef HAVE_STDINT_H
| # include <stdint.h>
| #endif
| #ifdef HAVE_STRINGS_H
| # include <strings.h>
| #endif
| #ifdef HAVE_SYS_TYPES_H
| # include <sys/types.h>
| #endif
| #ifdef HAVE_SYS_STAT_H
| # include <sys/stat.h>
| #endif
| #ifdef HAVE_UNISTD_H
| # include <unistd.h>
| #endif
| #include <sys/access.h>
configure:12508: result: no
configure:12514: checking for sys/sysinfo.h
configure:12514: gcc -c -g -O2  conftest.c >&5
configure:12514: $? = 0
configure:12514: result: yes
configure:12520: checking for wchar.h
configure:12520: gcc -c -g -O2  conftest.c >&5
configure:12520: $? = 0
configure:12520: result: yes
configure:12526: checking for wctype.h
configure:12526: gcc -c -g -O2  conftest.c >&5
configure:12526: $? = 0
configure:12526: result: yes
configure:12534: checking for sys/ptem.h
configure:12534: gcc -c -g -O2  conftest.c >&5
conftest.c:74:10: fatal error: sys/ptem.h: No such file or directory
   74 | #include <sys/ptem.h>
      |          ^~~~~~~~~~~~
compilation terminated.
configure:12534: $? = 1
configure: failed program was:
| /* confdefs.h */
| #define PACKAGE_NAME ""
| #define PACKAGE_TARNAME ""
| #define PACKAGE_VERSION ""
| #define PACKAGE_STRING ""
| #define PACKAGE_BUGREPORT ""
| #define PACKAGE_URL ""
| #define UNIX 1
| #define HAVE_SYS_WAIT_H 1
| #define HAVE_STDIO_H 1
| #define HAVE_STDLIB_H 1
| #define HAVE_STRING_H 1
| #define HAVE_INTTYPES_H 1
| #define HAVE_STDINT_H 1
| #define HAVE_STRINGS_H 1
| #define HAVE_SYS_STAT_H 1
| #define HAVE_SYS_TYPES_H 1
| #define HAVE_UNISTD_H 1
| #define HAVE_SYS_TIME_H 1
| #define HAVE_SYS_SELECT_H 1
| #define HAVE_SYS_SOCKET_H 1
| #define STDC_HEADERS 1
| #define RUNTIME_GLOBAL "/usr/share/bx/vim"
| #define RUNTIME_GLOBAL_AFTER "/usr/share/bx/vim/after"
| #define MODIFIED_BY "bx"
| #define FEAT_NORMAL 1
| #define FEAT_DIFF 1
| #define ENABLE_CSCOPE 1
| #define HAVE_SHM_OPEN 1
| #define PROC_EXE_LINK "/proc/self/exe"
| #define HAVE_DATE_TIME 1
| #define HAVE_ATTRIBUTE_UNUSED 1
| #define HAVE_DIRENT_H 1
| #define HAVE_SYS_WAIT_H 1
| #define HAVE_WAITPID 1
| #define HAVE_STDINT_H 1
| #define HAVE_STDLIB_H 1
| #define HAVE_STRING_H 1
| #define HAVE_SYS_SELECT_H 1
| #define HAVE_SYS_UTSNAME_H 1
| #define HAVE_TERMCAP_H 1
| #define HAVE_FCNTL_H 1
| #define HAVE_SGTTY_H 1
| #define HAVE_SYS_IOCTL_H 1
| #define HAVE_SYS_TIME_H 1
| #define HAVE_SYS_TYPES_H 1
| #define HAVE_TERMIO_H 1
| #define HAVE_ICONV_H 1
| #define HAVE_INTTYPES_H 1
| #define HAVE_LANGINFO_H 1
| #define HAVE_MATH_H 1
| #define HAVE_UNISTD_H 1
| #define HAVE_ERRNO_H 1
| #define HAVE_SYS_RESOURCE_H 1
| #define HAVE_LOCALE_H 1
| #define HAVE_TERMIOS_H 1
| #define HAVE_SYS_STATFS_H 1
| #define HAVE_POLL_H 1
| #define HAVE_SYS_POLL_H 1
| #define HAVE_PWD_H 1
| #define HAVE_UTIME_H 1
| #define HAVE_SYS_PARAM_H 1
| #define HAVE_LIBINTL_H 1
| #define HAVE_LIBGEN_H 1
| #define HAVE_SYS_ACL_H 1
| #define HAVE_SYS_SYSINFO_H 1
| #define HAVE_WCHAR_H 1
| #define HAVE_WCTYPE_H 1
| /* end confdefs.h.  */
| #if defined HAVE_SYS_STREAM_H
| #  include <sys/stream.h>
| #endif
| 
| #include <sys/ptem.h>
configure:12534: result: no
configure:12545: checking for sys/sysctl.h
configure:12545: gcc -c -g -O2  conftest.c >&5
conftest.c:74:10: fatal error: sys/sysctl.h: No such file or directory
   74 | #include <sys/sysctl.h>
      |          ^~~~~~~~~~~~~~
compilation terminated.
configure:12545: $? = 1
configure: failed program was:
| /* confdefs.h */
| #define PACKAGE_NAME ""
| #define PACKAGE_TARNAME ""
| #define PACKAGE_VERSION ""
| #define PACKAGE_STRING ""
| #define PACKAGE_BUGREPORT ""
| #define PACKAGE_URL ""
| #define UNIX 1
| #define HAVE_SYS_WAIT_H 1
| #define HAVE_STDIO_H 1
| #define HAVE_STDLIB_H 1
| #define HAVE_STRING_H 1
| #define HAVE_INTTYPES_H 1
| #define HAVE_STDINT_H 1
| #define HAVE_STRINGS_H 1
| #define HAVE_SYS_STAT_H 1
| #define HAVE_SYS_TYPES_H 1
| #define HAVE_UNISTD_H 1
| #define HAVE_SYS_TIME_H 1
| #define HAVE_SYS_SELECT_H 1
| #define HAVE_SYS_SOCKET_H 1
| #define STDC_HEADERS 1
| #define RUNTIME_GLOBAL "/usr/share/bx/vim"
| #define RUNTIME_GLOBAL_AFTER "/usr/share/bx/vim/after"
| #define MODIFIED_BY "bx"
| #define FEAT_NORMAL 1
| #define FEAT_DIFF 1
| #define ENABLE_CSCOPE 1
| #define HAVE_SHM_OPEN 1
| #define PROC_EXE_LINK "/proc/self/exe"
| #define HAVE_DATE_TIME 1
| #define HAVE_ATTRIBUTE_UNUSED 1
| #define HAVE_DIRENT_H 1
| #define HAVE_SYS_WAIT_H 1
| #define HAVE_WAITPID 1
| #define HAVE_STDINT_H 1
| #define HAVE_STDLIB_H 1
| #define HAVE_STRING_H 1
| #define HAVE_SYS_SELECT_H 1
| #define HAVE_SYS_UTSNAME_H 1
| #define HAVE_TERMCAP_H 1
| #define HAVE_FCNTL_H 1
| #define HAVE_SGTTY_H 1
| #define HAVE_SYS_IOCTL_H 1
| #define HAVE_SYS_TIME_H 1
| #define HAVE_SYS_TYPES_H 1
| #define HAVE_TERMIO_H 1
| #define HAVE_ICONV_H 1
| #define HAVE_INTTYPES_H 1
| #define HAVE_LANGINFO_H 1
| #define HAVE_MATH_H 1
| #define HAVE_UNISTD_H 1
| #define HAVE_ERRNO_H 1
| #define HAVE_SYS_RESOURCE_H 1
| #define HAVE_LOCALE_H 1
| #define HAVE_TERMIOS_H 1
| #define HAVE_SYS_STATFS_H 1
| #define HAVE_POLL_H 1
| #define HAVE_SYS_POLL_H 1
| #define HAVE_PWD_H 1
| #define HAVE_UTIME_H 1
| #define HAVE_SYS_PARAM_H 1
| #define HAVE_LIBINTL_H 1
| #define HAVE_LIBGEN_H 1
| #define HAVE_SYS_ACL_H 1
| #define HAVE_SYS_SYSINFO_H 1
| #define HAVE_WCHAR_H 1
| #define HAVE_WCTYPE_H 1
| /* end confdefs.h.  */
| #if defined HAVE_SYS_PARAM_H
| #  include <sys/param.h>
| #endif
| 
| #include <sys/sysctl.h>
configure:12545: result: no
configure:12557: checking for pthread_np.h
configure:12572: gcc -c -g -O2  conftest.c >&5
conftest.c:72:10: fatal error: pthread_np.h: No such file or directory
   72 | #include <pthread_np.h>
      |          ^~~~~~~~~~~~~~
compilation terminated.
configure:12572: $? = 1
configure: failed program was:
| /* confdefs.h */
| #define PACKAGE_NAME ""
| #define PACKAGE_TARNAME ""
| #define PACKAGE_VERSION ""
| #define PACKAGE_STRING ""
| #define PACKAGE_BUGREPORT ""
| #define PACKAGE_URL ""
| #define UNIX 1
| #define HAVE_SYS_WAIT_H 1
| #define HAVE_STDIO_H 1
| #define HAVE_STDLIB_H 1
| #define HAVE_STRING_H 1
| #define HAVE_INTTYPES_H 1
| #define HAVE_STDINT_H 1
| #define HAVE_STRINGS_H 1
| #define HAVE_SYS_STAT_H 1
| #define HAVE_SYS_TYPES_H 1
| #define HAVE_UNISTD_H 1
| #define HAVE_SYS_TIME_H 1
| #define HAVE_SYS_SELECT_H 1
| #define HAVE_SYS_SOCKET_H 1
| #define STDC_HEADERS 1
| #define RUNTIME_GLOBAL "/usr/share/bx/vim"
| #define RUNTIME_GLOBAL_AFTER "/usr/share/bx/vim/after"
| #define MODIFIED_BY "bx"
| #define FEAT_NORMAL 1
| #define FEAT_DIFF 1
| #define ENABLE_CSCOPE 1
| #define HAVE_SHM_OPEN 1
| #define PROC_EXE_LINK "/proc/self/exe"
| #define HAVE_DATE_TIME 1
| #define HAVE_ATTRIBUTE_UNUSED 1
| #define HAVE_DIRENT_H 1
| #define HAVE_SYS_WAIT_H 1
| #define HAVE_WAITPID 1
| #define HAVE_STDINT_H 1
| #define HAVE_STDLIB_H 1
| #define HAVE_STRING_H 1
| #define HAVE_SYS_SELECT_H 1
| #define HAVE_SYS_UTSNAME_H 1
| #define HAVE_TERMCAP_H 1
| #define HAVE_FCNTL_H 1
| #define HAVE_SGTTY_H 1
| #define HAVE_SYS_IOCTL_H 1
| #define HAVE_SYS_TIME_H 1
| #define HAVE_SYS_TYPES_H 1
| #define HAVE_TERMIO_H 1
| #define HAVE_ICONV_H 1
| #define HAVE_INTTYPES_H 1
| #define HAVE_LANGINFO_H 1
| #define HAVE_MATH_H 1
| #define HAVE_UNISTD_H 1
| #define HAVE_ERRNO_H 1
| #define HAVE_SYS_RESOURCE_H 1
| #define HAVE_LOCALE_H 1
| #define HAVE_TERMIOS_H 1
| #define HAVE_SYS_STATFS_H 1
| #define HAVE_POLL_H 1
| #define HAVE_SYS_POLL_H 1
| #define HAVE_PWD_H 1
| #define HAVE_UTIME_H 1
| #define HAVE_SYS_PARAM_H 1
| #define HAVE_LIBINTL_H 1
| #define HAVE_LIBGEN_H 1
| #define HAVE_SYS_ACL_H 1
| #define HAVE_SYS_SYSINFO_H 1
| #define HAVE_WCHAR_H 1
| #define HAVE_WCTYPE_H 1
| /* end confdefs.h.  */
| 
| #include <pthread.h>
| #include <pthread_np.h>
| int
| main (void)
| {
| int i; i = 0;
|   ;
|   return 0;
| }
configure:12579: result: no
configure:12585: checking for strings.h
configure:12585: result: yes
configure:12597: checking if strings.h can be included after string.h
configure:12626: gcc -c -g -O2   conftest.c >&5
configure:12626: $? = 0
configure:12628: result: yes
configure:12641: checking for an ANSI C-conforming const
configure:12708: gcc -c -g -O2  conftest.c >&5
configure:12708: $? = 0
configure:12718: result: yes
configure:12726: checking for working volatile
configure:12746: gcc -c -g -O2  conftest.c >&5
configure:12746: $? = 0
configure:12756: result: yes
configure:12764: checking for mode_t
configure:12764: gcc -c -g -O2  conftest.c >&5
configure:12764: $? = 0
configure:12764: gcc -c -g -O2  conftest.c >&5
conftest.c: In function 'main':
conftest.c:102:21: error: expected expression before ')' token
  102 | if (sizeof ((mode_t)))
      |                     ^
configure:12764: $? = 1
configure: failed program was:
| /* confdefs.h */
| #define PACKAGE_NAME ""
| #define PACKAGE_TARNAME ""
| #define PACKAGE_VERSION ""
| #define PACKAGE_STRING ""
| #define PACKAGE_BUGREPORT ""
| #define PACKAGE_URL ""
| #define UNIX 1
| #define HAVE_SYS_WAIT_H 1
| #define HAVE_STDIO_H 1
| #define HAVE_STDLIB_H 1
| #define HAVE_STRING_H 1
| #define HAVE_INTTYPES_H 1
| #define HAVE_STDINT_H 1
| #define HAVE_STRINGS_H 1
| #define HAVE_SYS_STAT_H 1
| #define HAVE_SYS_TYPES_H 1
| #define HAVE_UNISTD_H 1
| #define HAVE_SYS_TIME_H 1
| #define HAVE_SYS_SELECT_H 1
| #define HAVE_SYS_SOCKET_H 1
| #define STDC_HEADERS 1
| #define RUNTIME_GLOBAL "/usr/share/bx/vim"
| #define RUNTIME_GLOBAL_AFTER "/usr/share/bx/vim/after"
| #define MODIFIED_BY "bx"
| #define FEAT_NORMAL 1
| #define FEAT_DIFF 1
| #define ENABLE_CSCOPE 1
| #define HAVE_SHM_OPEN 1
| #define PROC_EXE_LINK "/proc/self/exe"
| #define HAVE_DATE_TIME 1
| #define HAVE_ATTRIBUTE_UNUSED 1
| #define HAVE_DIRENT_H 1
| #define HAVE_SYS_WAIT_H 1
| #define HAVE_WAITPID 1
| #define HAVE_STDINT_H 1
| #define HAVE_STDLIB_H 1
| #define HAVE_STRING_H 1
| #define HAVE_SYS_SELECT_H 1
| #define HAVE_SYS_UTSNAME_H 1
| #define HAVE_TERMCAP_H 1
| #define HAVE_FCNTL_H 1
| #define HAVE_SGTTY_H 1
| #define HAVE_SYS_IOCTL_H 1
| #define HAVE_SYS_TIME_H 1
| #define HAVE_SYS_TYPES_H 1
| #define HAVE_TERMIO_H 1
| #define HAVE_ICONV_H 1
| #define HAVE_INTTYPES_H 1
| #define HAVE_LANGINFO_H 1
| #define HAVE_MATH_H 1
| #define HAVE_UNISTD_H 1
| #define HAVE_ERRNO_H 1
| #define HAVE_SYS_RESOURCE_H 1
| #define HAVE_LOCALE_H 1
| #define HAVE_TERMIOS_H 1
| #define HAVE_SYS_STATFS_H 1
| #define HAVE_POLL_H 1
| #define HAVE_SYS_POLL_H 1
| #define HAVE_PWD_H 1
| #define HAVE_UTIME_H 1
| #define HAVE_SYS_PARAM_H 1
| #define HAVE_LIBINTL_H 1
| #define HAVE_LIBGEN_H 1
| #define HAVE_SYS_ACL_H 1
| #define HAVE_SYS_SYSINFO_H 1
| #define HAVE_WCHAR_H 1
| #define HAVE_WCTYPE_H 1
| #define HAVE_STRINGS_H 1
| /* end confdefs.h.  */
| #include <stddef.h>
| #ifdef HAVE_STDIO_H
| # include <stdio.h>
| #endif
| #ifdef HAVE_STDLIB_H
| # include <stdlib.h>
| #endif
| #ifdef HAVE_STRING_H
| # include <string.h>
| #endif
| #ifdef HAVE_INTTYPES_H
| # include <inttypes.h>
| #endif
| #ifdef HAVE_STDINT_H
| # include <stdint.h>
| #endif
| #ifdef HAVE_STRINGS_H
| # include <strings.h>
| #endif
| #ifdef HAVE_SYS_TYPES_H
| # include <sys/types.h>
| #endif
| #ifdef HAVE_SYS_STAT_H
| # include <sys/stat.h>
| #endif
| #ifdef HAVE_UNISTD_H
| # include <unistd.h>
| #endif
| int
| main (void)
| {
| if (sizeof ((mode_t)))
| 	    return 0;
|   ;
|   return 0;
| }
configure:12764: result: yes
configure:12775: checking for off_t
configure:12775: gcc -c -g -O2  conftest.c >&5
configure:12775: $? = 0
configure:12775: gcc -c -g -O2  conftest.c >&5
conftest.c: In function 'main':
conftest.c:102:20: error: expected expression before ')' token
  102 | if (sizeof ((off_t)))
      |                    ^
configure:12775: $? = 1
configure: failed program was:
| /* confdefs.h */
| #define PACKAGE_NAME ""
| #define PACKAGE_TARNAME ""
| #define PACKAGE_VERSION ""
| #define PACKAGE_STRING ""
| #define PACKAGE_BUGREPORT ""
| #define PACKAGE_URL ""
| #define UNIX 1
| #define HAVE_SYS_WAIT_H 1
| #define HAVE_STDIO_H 1
| #define HAVE_STDLIB_H 1
| #define HAVE_STRING_H 1
| #define HAVE_INTTYPES_H 1
| #define HAVE_STDINT_H 1
| #define HAVE_STRINGS_H 1
| #define HAVE_SYS_STAT_H 1
| #define HAVE_SYS_TYPES_H 1
| #define HAVE_UNISTD_H 1
| #define HAVE_SYS_TIME_H 1
| #define HAVE_SYS_SELECT_H 1
| #define HAVE_SYS_SOCKET_H 1
| #define STDC_HEADERS 1
| #define RUNTIME_GLOBAL "/usr/share/bx/vim"
| #define RUNTIME_GLOBAL_AFTER "/usr/share/bx/vim/after"
| #define MODIFIED_BY "bx"
| #define FEAT_NORMAL 1
| #define FEAT_DIFF 1
| #define ENABLE_CSCOPE 1
| #define HAVE_SHM_OPEN 1
| #define PROC_EXE_LINK "/proc/self/exe"
| #define HAVE_DATE_TIME 1
| #define HAVE_ATTRIBUTE_UNUSED 1
| #define HAVE_DIRENT_H 1
| #define HAVE_SYS_WAIT_H 1
| #define HAVE_WAITPID 1
| #define HAVE_STDINT_H 1
| #define HAVE_STDLIB_H 1
| #define HAVE_STRING_H 1
| #define HAVE_SYS_SELECT_H 1
| #define HAVE_SYS_UTSNAME_H 1
| #define HAVE_TERMCAP_H 1
| #define HAVE_FCNTL_H 1
| #define HAVE_SGTTY_H 1
| #define HAVE_SYS_IOCTL_H 1
| #define HAVE_SYS_TIME_H 1
| #define HAVE_SYS_TYPES_H 1
| #define HAVE_TERMIO_H 1
| #define HAVE_ICONV_H 1
| #define HAVE_INTTYPES_H 1
| #define HAVE_LANGINFO_H 1
| #define HAVE_MATH_H 1
| #define HAVE_UNISTD_H 1
| #define HAVE_ERRNO_H 1
| #define HAVE_SYS_RESOURCE_H 1
| #define HAVE_LOCALE_H 1
| #define HAVE_TERMIOS_H 1
| #define HAVE_SYS_STATFS_H 1
| #define HAVE_POLL_H 1
| #define HAVE_SYS_POLL_H 1
| #define HAVE_PWD_H 1
| #define HAVE_UTIME_H 1
| #define HAVE_SYS_PARAM_H 1
| #define HAVE_LIBINTL_H 1
| #define HAVE_LIBGEN_H 1
| #define HAVE_SYS_ACL_H 1
| #define HAVE_SYS_SYSINFO_H 1
| #define HAVE_WCHAR_H 1
| #define HAVE_WCTYPE_H 1
| #define HAVE_STRINGS_H 1
| /* end confdefs.h.  */
| #include <stddef.h>
| #ifdef HAVE_STDIO_H
| # include <stdio.h>
| #endif
| #ifdef HAVE_STDLIB_H
| # include <stdlib.h>
| #endif
| #ifdef HAVE_STRING_H
| # include <string.h>
| #endif
| #ifdef HAVE_INTTYPES_H
| # include <inttypes.h>
| #endif
| #ifdef HAVE_STDINT_H
| # include <stdint.h>
| #endif
| #ifdef HAVE_STRINGS_H
| # include <strings.h>
| #endif
| #ifdef HAVE_SYS_TYPES_H
| # include <sys/types.h>
| #endif
| #ifdef HAVE_SYS_STAT_H
| # include <sys/stat.h>
| #endif
| #ifdef HAVE_UNISTD_H
| # include <unistd.h>
| #endif
| int
| main (void)
| {
| if (sizeof ((off_t)))
| 	    return 0;
|   ;
|   return 0;
| }
configure:12775: result: yes
configure:12787: checking for pid_t
configure:12787: gcc -c -g -O2  conftest.c >&5
configure:12787: $? = 0
configure:12787: gcc -c -g -O2  conftest.c >&5
conftest.c: In function 'main':
conftest.c:103:20: error: expected expression before ')' token
  103 | if (sizeof ((pid_t)))
      |                    ^
configure:12787: $? = 1
configure: failed program was:
| /* confdefs.h */
| #define PACKAGE_NAME ""
| #define PACKAGE_TARNAME ""
| #define PACKAGE_VERSION ""
| #define PACKAGE_STRING ""
| #define PACKAGE_BUGREPORT ""
| #define PACKAGE_URL ""
| #define UNIX 1
| #define HAVE_SYS_WAIT_H 1
| #define HAVE_STDIO_H 1
| #define HAVE_STDLIB_H 1
| #define HAVE_STRING_H 1
| #define HAVE_INTTYPES_H 1
| #define HAVE_STDINT_H 1
| #define HAVE_STRINGS_H 1
| #define HAVE_SYS_STAT_H 1
| #define HAVE_SYS_TYPES_H 1
| #define HAVE_UNISTD_H 1
| #define HAVE_SYS_TIME_H 1
| #define HAVE_SYS_SELECT_H 1
| #define HAVE_SYS_SOCKET_H 1
| #define STDC_HEADERS 1
| #define RUNTIME_GLOBAL "/usr/share/bx/vim"
| #define RUNTIME_GLOBAL_AFTER "/usr/share/bx/vim/after"
| #define MODIFIED_BY "bx"
| #define FEAT_NORMAL 1
| #define FEAT_DIFF 1
| #define ENABLE_CSCOPE 1
| #define HAVE_SHM_OPEN 1
| #define PROC_EXE_LINK "/proc/self/exe"
| #define HAVE_DATE_TIME 1
| #define HAVE_ATTRIBUTE_UNUSED 1
| #define HAVE_DIRENT_H 1
| #define HAVE_SYS_WAIT_H 1
| #define HAVE_WAITPID 1
| #define HAVE_STDINT_H 1
| #define HAVE_STDLIB_H 1
| #define HAVE_STRING_H 1
| #define HAVE_SYS_SELECT_H 1
| #define HAVE_SYS_UTSNAME_H 1
| #define HAVE_TERMCAP_H 1
| #define HAVE_FCNTL_H 1
| #define HAVE_SGTTY_H 1
| #define HAVE_SYS_IOCTL_H 1
| #define HAVE_SYS_TIME_H 1
| #define HAVE_SYS_TYPES_H 1
| #define HAVE_TERMIO_H 1
| #define HAVE_ICONV_H 1
| #define HAVE_INTTYPES_H 1
| #define HAVE_LANGINFO_H 1
| #define HAVE_MATH_H 1
| #define HAVE_UNISTD_H 1
| #define HAVE_ERRNO_H 1
| #define HAVE_SYS_RESOURCE_H 1
| #define HAVE_LOCALE_H 1
| #define HAVE_TERMIOS_H 1
| #define HAVE_SYS_STATFS_H 1
| #define HAVE_POLL_H 1
| #define HAVE_SYS_POLL_H 1
| #define HAVE_PWD_H 1
| #define HAVE_UTIME_H 1
| #define HAVE_SYS_PARAM_H 1
| #define HAVE_LIBINTL_H 1
| #define HAVE_LIBGEN_H 1
| #define HAVE_SYS_ACL_H 1
| #define HAVE_SYS_SYSINFO_H 1
| #define HAVE_WCHAR_H 1
| #define HAVE_WCTYPE_H 1
| #define HAVE_STRINGS_H 1
| /* end confdefs.h.  */
| #include <stddef.h>
| #ifdef HAVE_STDIO_H
| # include <stdio.h>
| #endif
| #ifdef HAVE_STDLIB_H
| # include <stdlib.h>
| #endif
| #ifdef HAVE_STRING_H
| # include <string.h>
| #endif
| #ifdef HAVE_INTTYPES_H
| # include <inttypes.h>
| #endif
| #ifdef HAVE_STDINT_H
| # include <stdint.h>
| #endif
| #ifdef HAVE_STRINGS_H
| # include <strings.h>
| #endif
| #ifdef HAVE_SYS_TYPES_H
| # include <sys/types.h>
| #endif
| #ifdef HAVE_SYS_STAT_H
| # include <sys/stat.h>
| #endif
| #ifdef HAVE_UNISTD_H
| # include <unistd.h>
| #endif
| 
| int
| main (void)
| {
| if (sizeof ((pid_t)))
| 	    return 0;
|   ;
|   return 0;
| }
configure:12787: result: yes
configure:12825: checking for size_t
configure:12825: gcc -c -g -O2  conftest.c >&5
configure:12825: $? = 0
configure:12825: gcc -c -g -O2  conftest.c >&5
conftest.c: In function 'main':
conftest.c:102:21: error: expected expression before ')' token
  102 | if (sizeof ((size_t)))
      |                     ^
configure:12825: $? = 1
configure: failed program was:
| /* confdefs.h */
| #define PACKAGE_NAME ""
| #define PACKAGE_TARNAME ""
| #define PACKAGE_VERSION ""
| #define PACKAGE_STRING ""
| #define PACKAGE_BUGREPORT ""
| #define PACKAGE_URL ""
| #define UNIX 1
| #define HAVE_SYS_WAIT_H 1
| #define HAVE_STDIO_H 1
| #define HAVE_STDLIB_H 1
| #define HAVE_STRING_H 1
| #define HAVE_INTTYPES_H 1
| #define HAVE_STDINT_H 1
| #define HAVE_STRINGS_H 1
| #define HAVE_SYS_STAT_H 1
| #define HAVE_SYS_TYPES_H 1
| #define HAVE_UNISTD_H 1
| #define HAVE_SYS_TIME_H 1
| #define HAVE_SYS_SELECT_H 1
| #define HAVE_SYS_SOCKET_H 1
| #define STDC_HEADERS 1
| #define RUNTIME_GLOBAL "/usr/share/bx/vim"
| #define RUNTIME_GLOBAL_AFTER "/usr/share/bx/vim/after"
| #define MODIFIED_BY "bx"
| #define FEAT_NORMAL 1
| #define FEAT_DIFF 1
| #define ENABLE_CSCOPE 1
| #define HAVE_SHM_OPEN 1
| #define PROC_EXE_LINK "/proc/self/exe"
| #define HAVE_DATE_TIME 1
| #define HAVE_ATTRIBUTE_UNUSED 1
| #define HAVE_DIRENT_H 1
| #define HAVE_SYS_WAIT_H 1
| #define HAVE_WAITPID 1
| #define HAVE_STDINT_H 1
| #define HAVE_STDLIB_H 1
| #define HAVE_STRING_H 1
| #define HAVE_SYS_SELECT_H 1
| #define HAVE_SYS_UTSNAME_H 1
| #define HAVE_TERMCAP_H 1
| #define HAVE_FCNTL_H 1
| #define HAVE_SGTTY_H 1
| #define HAVE_SYS_IOCTL_H 1
| #define HAVE_SYS_TIME_H 1
| #define HAVE_SYS_TYPES_H 1
| #define HAVE_TERMIO_H 1
| #define HAVE_ICONV_H 1
| #define HAVE_INTTYPES_H 1
| #define HAVE_LANGINFO_H 1
| #define HAVE_MATH_H 1
| #define HAVE_UNISTD_H 1
| #define HAVE_ERRNO_H 1
| #define HAVE_SYS_RESOURCE_H 1
| #define HAVE_LOCALE_H 1
| #define HAVE_TERMIOS_H 1
| #define HAVE_SYS_STATFS_H 1
| #define HAVE_POLL_H 1
| #define HAVE_SYS_POLL_H 1
| #define HAVE_PWD_H 1
| #define HAVE_UTIME_H 1
| #define HAVE_SYS_PARAM_H 1
| #define HAVE_LIBINTL_H 1
| #define HAVE_LIBGEN_H 1
| #define HAVE_SYS_ACL_H 1
| #define HAVE_SYS_SYSINFO_H 1
| #define HAVE_WCHAR_H 1
| #define HAVE_WCTYPE_H 1
| #define HAVE_STRINGS_H 1
| /* end confdefs.h.  */
| #include <stddef.h>
| #ifdef HAVE_STDIO_H
| # include <stdio.h>
| #endif
| #ifdef HAVE_STDLIB_H
| # include <stdlib.h>
| #endif
| #ifdef HAVE_STRING_H
| # include <string.h>
| #endif
| #ifdef HAVE_INTTYPES_H
| # include <inttypes.h>
| #endif
| #ifdef HAVE_STDINT_H
| # include <stdint.h>
| #endif
| #ifdef HAVE_STRINGS_H
| # include <strings.h>
| #endif
| #ifdef HAVE_SYS_TYPES_H
| # include <sys/types.h>
| #endif
| #ifdef HAVE_SYS_STAT_H
| # include <sys/stat.h>
| #endif
| #ifdef HAVE_UNISTD_H
| # include <unistd.h>
| #endif
| int
| main (void)
| {
| if (sizeof ((size_t)))
| 	    return 0;
|   ;
|   return 0;
| }
configure:12825: result: yes
configure:12836: checking for uid_t
configure:12836: gcc -c -g -O2  conftest.c >&5
configure:12836: $? = 0
configure:12836: gcc -c -g -O2  conftest.c >&5
conftest.c: In function 'main':
conftest.c:102:20: error: expected expression before ')' token
  102 | if (sizeof ((uid_t)))
      |                    ^
configure:12836: $? = 1
configure: failed program was:
| /* confdefs.h */
| #define PACKAGE_NAME ""
| #define PACKAGE_TARNAME ""
| #define PACKAGE_VERSION ""
| #define PACKAGE_STRING ""
| #define PACKAGE_BUGREPORT ""
| #define PACKAGE_URL ""
| #define UNIX 1
| #define HAVE_SYS_WAIT_H 1
| #define HAVE_STDIO_H 1
| #define HAVE_STDLIB_H 1
| #define HAVE_STRING_H 1
| #define HAVE_INTTYPES_H 1
| #define HAVE_STDINT_H 1
| #define HAVE_STRINGS_H 1
| #define HAVE_SYS_STAT_H 1
| #define HAVE_SYS_TYPES_H 1
| #define HAVE_UNISTD_H 1
| #define HAVE_SYS_TIME_H 1
| #define HAVE_SYS_SELECT_H 1
| #define HAVE_SYS_SOCKET_H 1
| #define STDC_HEADERS 1
| #define RUNTIME_GLOBAL "/usr/share/bx/vim"
| #define RUNTIME_GLOBAL_AFTER "/usr/share/bx/vim/after"
| #define MODIFIED_BY "bx"
| #define FEAT_NORMAL 1
| #define FEAT_DIFF 1
| #define ENABLE_CSCOPE 1
| #define HAVE_SHM_OPEN 1
| #define PROC_EXE_LINK "/proc/self/exe"
| #define HAVE_DATE_TIME 1
| #define HAVE_ATTRIBUTE_UNUSED 1
| #define HAVE_DIRENT_H 1
| #define HAVE_SYS_WAIT_H 1
| #define HAVE_WAITPID 1
| #define HAVE_STDINT_H 1
| #define HAVE_STDLIB_H 1
| #define HAVE_STRING_H 1
| #define HAVE_SYS_SELECT_H 1
| #define HAVE_SYS_UTSNAME_H 1
| #define HAVE_TERMCAP_H 1
| #define HAVE_FCNTL_H 1
| #define HAVE_SGTTY_H 1
| #define HAVE_SYS_IOCTL_H 1
| #define HAVE_SYS_TIME_H 1
| #define HAVE_SYS_TYPES_H 1
| #define HAVE_TERMIO_H 1
| #define HAVE_ICONV_H 1
| #define HAVE_INTTYPES_H 1
| #define HAVE_LANGINFO_H 1
| #define HAVE_MATH_H 1
| #define HAVE_UNISTD_H 1
| #define HAVE_ERRNO_H 1
| #define HAVE_SYS_RESOURCE_H 1
| #define HAVE_LOCALE_H 1
| #define HAVE_TERMIOS_H 1
| #define HAVE_SYS_STATFS_H 1
| #define HAVE_POLL_H 1
| #define HAVE_SYS_POLL_H 1
| #define HAVE_PWD_H 1
| #define HAVE_UTIME_H 1
| #define HAVE_SYS_PARAM_H 1
| #define HAVE_LIBINTL_H 1
| #define HAVE_LIBGEN_H 1
| #define HAVE_SYS_ACL_H 1
| #define HAVE_SYS_SYSINFO_H 1
| #define HAVE_WCHAR_H 1
| #define HAVE_WCTYPE_H 1
| #define HAVE_STRINGS_H 1
| /* end confdefs.h.  */
| #include <stddef.h>
| #ifdef HAVE_STDIO_H
| # include <stdio.h>
| #endif
| #ifdef HAVE_STDLIB_H
| # include <stdlib.h>
| #endif
| #ifdef HAVE_STRING_H
| # include <string.h>
| #endif
| #ifdef HAVE_INTTYPES_H
| # include <inttypes.h>
| #endif
| #ifdef HAVE_STDINT_H
| # include <stdint.h>
| #endif
| #ifdef HAVE_STRINGS_H
| # include <strings.h>
| #endif
| #ifdef HAVE_SYS_TYPES_H
| # include <sys/types.h>
| #endif
| #ifdef HAVE_SYS_STAT_H
| # include <sys/stat.h>
| #endif
| #ifdef HAVE_UNISTD_H
| # include <unistd.h>
| #endif
| int
| main (void)
| {
| if (sizeof ((uid_t)))
| 	    return 0;
|   ;
|   return 0;
| }
configure:12836: result: yes
configure:12847: checking for gid_t
configure:12847: gcc -c -g -O2  conftest.c >&5
configure:12847: $? = 0
configure:12847: gcc -c -g -O2  conftest.c >&5
conftest.c: In function 'main':
conftest.c:102:20: error: expected expression before ')' token
  102 | if (sizeof ((gid_t)))
      |                    ^
configure:12847: $? = 1
configure: failed program was:
| /* confdefs.h */
| #define PACKAGE_NAME ""
| #define PACKAGE_TARNAME ""
| #define PACKAGE_VERSION ""
| #define PACKAGE_STRING ""
| #define PACKAGE_BUGREPORT ""
| #define PACKAGE_URL ""
| #define UNIX 1
| #define HAVE_SYS_WAIT_H 1
| #define HAVE_STDIO_H 1
| #define HAVE_STDLIB_H 1
| #define HAVE_STRING_H 1
| #define HAVE_INTTYPES_H 1
| #define HAVE_STDINT_H 1
| #define HAVE_STRINGS_H 1
| #define HAVE_SYS_STAT_H 1
| #define HAVE_SYS_TYPES_H 1
| #define HAVE_UNISTD_H 1
| #define HAVE_SYS_TIME_H 1
| #define HAVE_SYS_SELECT_H 1
| #define HAVE_SYS_SOCKET_H 1
| #define STDC_HEADERS 1
| #define RUNTIME_GLOBAL "/usr/share/bx/vim"
| #define RUNTIME_GLOBAL_AFTER "/usr/share/bx/vim/after"
| #define MODIFIED_BY "bx"
| #define FEAT_NORMAL 1
| #define FEAT_DIFF 1
| #define ENABLE_CSCOPE 1
| #define HAVE_SHM_OPEN 1
| #define PROC_EXE_LINK "/proc/self/exe"
| #define HAVE_DATE_TIME 1
| #define HAVE_ATTRIBUTE_UNUSED 1
| #define HAVE_DIRENT_H 1
| #define HAVE_SYS_WAIT_H 1
| #define HAVE_WAITPID 1
| #define HAVE_STDINT_H 1
| #define HAVE_STDLIB_H 1
| #define HAVE_STRING_H 1
| #define HAVE_SYS_SELECT_H 1
| #define HAVE_SYS_UTSNAME_H 1
| #define HAVE_TERMCAP_H 1
| #define HAVE_FCNTL_H 1
| #define HAVE_SGTTY_H 1
| #define HAVE_SYS_IOCTL_H 1
| #define HAVE_SYS_TIME_H 1
| #define HAVE_SYS_TYPES_H 1
| #define HAVE_TERMIO_H 1
| #define HAVE_ICONV_H 1
| #define HAVE_INTTYPES_H 1
| #define HAVE_LANGINFO_H 1
| #define HAVE_MATH_H 1
| #define HAVE_UNISTD_H 1
| #define HAVE_ERRNO_H 1
| #define HAVE_SYS_RESOURCE_H 1
| #define HAVE_LOCALE_H 1
| #define HAVE_TERMIOS_H 1
| #define HAVE_SYS_STATFS_H 1
| #define HAVE_POLL_H 1
| #define HAVE_SYS_POLL_H 1
| #define HAVE_PWD_H 1
| #define HAVE_UTIME_H 1
| #define HAVE_SYS_PARAM_H 1
| #define HAVE_LIBINTL_H 1
| #define HAVE_LIBGEN_H 1
| #define HAVE_SYS_ACL_H 1
| #define HAVE_SYS_SYSINFO_H 1
| #define HAVE_WCHAR_H 1
| #define HAVE_WCTYPE_H 1
| #define HAVE_STRINGS_H 1
| /* end confdefs.h.  */
| #include <stddef.h>
| #ifdef HAVE_STDIO_H
| # include <stdio.h>
| #endif
| #ifdef HAVE_STDLIB_H
| # include <stdlib.h>
| #endif
| #ifdef HAVE_STRING_H
| # include <string.h>
| #endif
| #ifdef HAVE_INTTYPES_H
| # include <inttypes.h>
| #endif
| #ifdef HAVE_STDINT_H
| # include <stdint.h>
| #endif
| #ifdef HAVE_STRINGS_H
| # include <strings.h>
| #endif
| #ifdef HAVE_SYS_TYPES_H
| # include <sys/types.h>
| #endif
| #ifdef HAVE_SYS_STAT_H
| # include <sys/stat.h>
| #endif
| #ifdef HAVE_UNISTD_H
| # include <unistd.h>
| #endif
| int
| main (void)
| {
| if (sizeof ((gid_t)))
| 	    return 0;
|   ;
|   return 0;
| }
configure:12847: result: yes
configure:12858: checking for uint32_t
configure:12858: gcc -c -g -O2  conftest.c >&5
configure:12858: $? = 0
configure:12858: result: yes
configure:12874: checking for ino_t
configure:12874: gcc -c -g -O2  conftest.c >&5
configure:12874: $? = 0
configure:12874: gcc -c -g -O2  conftest.c >&5
conftest.c: In function 'main':
conftest.c:102:20: error: expected expression before ')' token
  102 | if (sizeof ((ino_t)))
      |                    ^
configure:12874: $? = 1
configure: failed program was:
| /* confdefs.h */
| #define PACKAGE_NAME ""
| #define PACKAGE_TARNAME ""
| #define PACKAGE_VERSION ""
| #define PACKAGE_STRING ""
| #define PACKAGE_BUGREPORT ""
| #define PACKAGE_URL ""
| #define UNIX 1
| #define HAVE_SYS_WAIT_H 1
| #define HAVE_STDIO_H 1
| #define HAVE_STDLIB_H 1
| #define HAVE_STRING_H 1
| #define HAVE_INTTYPES_H 1
| #define HAVE_STDINT_H 1
| #define HAVE_STRINGS_H 1
| #define HAVE_SYS_STAT_H 1
| #define HAVE_SYS_TYPES_H 1
| #define HAVE_UNISTD_H 1
| #define HAVE_SYS_TIME_H 1
| #define HAVE_SYS_SELECT_H 1
| #define HAVE_SYS_SOCKET_H 1
| #define STDC_HEADERS 1
| #define RUNTIME_GLOBAL "/usr/share/bx/vim"
| #define RUNTIME_GLOBAL_AFTER "/usr/share/bx/vim/after"
| #define MODIFIED_BY "bx"
| #define FEAT_NORMAL 1
| #define FEAT_DIFF 1
| #define ENABLE_CSCOPE 1
| #define HAVE_SHM_OPEN 1
| #define PROC_EXE_LINK "/proc/self/exe"
| #define HAVE_DATE_TIME 1
| #define HAVE_ATTRIBUTE_UNUSED 1
| #define HAVE_DIRENT_H 1
| #define HAVE_SYS_WAIT_H 1
| #define HAVE_WAITPID 1
| #define HAVE_STDINT_H 1
| #define HAVE_STDLIB_H 1
| #define HAVE_STRING_H 1
| #define HAVE_SYS_SELECT_H 1
| #define HAVE_SYS_UTSNAME_H 1
| #define HAVE_TERMCAP_H 1
| #define HAVE_FCNTL_H 1
| #define HAVE_SGTTY_H 1
| #define HAVE_SYS_IOCTL_H 1
| #define HAVE_SYS_TIME_H 1
| #define HAVE_SYS_TYPES_H 1
| #define HAVE_TERMIO_H 1
| #define HAVE_ICONV_H 1
| #define HAVE_INTTYPES_H 1
| #define HAVE_LANGINFO_H 1
| #define HAVE_MATH_H 1
| #define HAVE_UNISTD_H 1
| #define HAVE_ERRNO_H 1
| #define HAVE_SYS_RESOURCE_H 1
| #define HAVE_LOCALE_H 1
| #define HAVE_TERMIOS_H 1
| #define HAVE_SYS_STATFS_H 1
| #define HAVE_POLL_H 1
| #define HAVE_SYS_POLL_H 1
| #define HAVE_PWD_H 1
| #define HAVE_UTIME_H 1
| #define HAVE_SYS_PARAM_H 1
| #define HAVE_LIBINTL_H 1
| #define HAVE_LIBGEN_H 1
| #define HAVE_SYS_ACL_H 1
| #define HAVE_SYS_SYSINFO_H 1
| #define HAVE_WCHAR_H 1
| #define HAVE_WCTYPE_H 1
| #define HAVE_STRINGS_H 1
| /* end confdefs.h.  */
| #include <stddef.h>
| #ifdef HAVE_STDIO_H
| # include <stdio.h>
| #endif
| #ifdef HAVE_STDLIB_H
| # include <stdlib.h>
| #endif
| #ifdef HAVE_STRING_H
| # include <string.h>
| #endif
| #ifdef HAVE_INTTYPES_H
| # include <inttypes.h>
| #endif
| #ifdef HAVE_STDINT_H
| # include <stdint.h>
| #endif
| #ifdef HAVE_STRINGS_H
| # include <strings.h>
| #endif
| #ifdef HAVE_SYS_TYPES_H
| # include <sys/types.h>
| #endif
| #ifdef HAVE_SYS_STAT_H
| # include <sys/stat.h>
| #endif
| #ifdef HAVE_UNISTD_H
| # include <unistd.h>
| #endif
| int
| main (void)
| {
| if (sizeof ((ino_t)))
| 	    return 0;
|   ;
|   return 0;
| }
configure:12874: result: yes
configure:12885: checking for dev_t
configure:12885: gcc -c -g -O2  conftest.c >&5
configure:12885: $? = 0
configure:12885: gcc -c -g -O2  conftest.c >&5
conftest.c: In function 'main':
conftest.c:102:20: error: expected expression before ')' token
  102 | if (sizeof ((dev_t)))
      |                    ^
configure:12885: $? = 1
configure: failed program was:
| /* confdefs.h */
| #define PACKAGE_NAME ""
| #define PACKAGE_TARNAME ""
| #define PACKAGE_VERSION ""
| #define PACKAGE_STRING ""
| #define PACKAGE_BUGREPORT ""
| #define PACKAGE_URL ""
| #define UNIX 1
| #define HAVE_SYS_WAIT_H 1
| #define HAVE_STDIO_H 1
| #define HAVE_STDLIB_H 1
| #define HAVE_STRING_H 1
| #define HAVE_INTTYPES_H 1
| #define HAVE_STDINT_H 1
| #define HAVE_STRINGS_H 1
| #define HAVE_SYS_STAT_H 1
| #define HAVE_SYS_TYPES_H 1
| #define HAVE_UNISTD_H 1
| #define HAVE_SYS_TIME_H 1
| #define HAVE_SYS_SELECT_H 1
| #define HAVE_SYS_SOCKET_H 1
| #define STDC_HEADERS 1
| #define RUNTIME_GLOBAL "/usr/share/bx/vim"
| #define RUNTIME_GLOBAL_AFTER "/usr/share/bx/vim/after"
| #define MODIFIED_BY "bx"
| #define FEAT_NORMAL 1
| #define FEAT_DIFF 1
| #define ENABLE_CSCOPE 1
| #define HAVE_SHM_OPEN 1
| #define PROC_EXE_LINK "/proc/self/exe"
| #define HAVE_DATE_TIME 1
| #define HAVE_ATTRIBUTE_UNUSED 1
| #define HAVE_DIRENT_H 1
| #define HAVE_SYS_WAIT_H 1
| #define HAVE_WAITPID 1
| #define HAVE_STDINT_H 1
| #define HAVE_STDLIB_H 1
| #define HAVE_STRING_H 1
| #define HAVE_SYS_SELECT_H 1
| #define HAVE_SYS_UTSNAME_H 1
| #define HAVE_TERMCAP_H 1
| #define HAVE_FCNTL_H 1
| #define HAVE_SGTTY_H 1
| #define HAVE_SYS_IOCTL_H 1
| #define HAVE_SYS_TIME_H 1
| #define HAVE_SYS_TYPES_H 1
| #define HAVE_TERMIO_H 1
| #define HAVE_ICONV_H 1
| #define HAVE_INTTYPES_H 1
| #define HAVE_LANGINFO_H 1
| #define HAVE_MATH_H 1
| #define HAVE_UNISTD_H 1
| #define HAVE_ERRNO_H 1
| #define HAVE_SYS_RESOURCE_H 1
| #define HAVE_LOCALE_H 1
| #define HAVE_TERMIOS_H 1
| #define HAVE_SYS_STATFS_H 1
| #define HAVE_POLL_H 1
| #define HAVE_SYS_POLL_H 1
| #define HAVE_PWD_H 1
| #define HAVE_UTIME_H 1
| #define HAVE_SYS_PARAM_H 1
| #define HAVE_LIBINTL_H 1
| #define HAVE_LIBGEN_H 1
| #define HAVE_SYS_ACL_H 1
| #define HAVE_SYS_SYSINFO_H 1
| #define HAVE_WCHAR_H 1
| #define HAVE_WCTYPE_H 1
| #define HAVE_STRINGS_H 1
| /* end confdefs.h.  */
| #include <stddef.h>
| #ifdef HAVE_STDIO_H
| # include <stdio.h>
| #endif
| #ifdef HAVE_STDLIB_H
| # include <stdlib.h>
| #endif
| #ifdef HAVE_STRING_H
| # include <string.h>
| #endif
| #ifdef HAVE_INTTYPES_H
| # include <inttypes.h>
| #endif
| #ifdef HAVE_STDINT_H
| # include <stdint.h>
| #endif
| #ifdef HAVE_STRINGS_H
| # include <strings.h>
| #endif
| #ifdef HAVE_SYS_TYPES_H
| # include <sys/types.h>
| #endif
| #ifdef HAVE_SYS_STAT_H
| # include <sys/stat.h>
| #endif
| #ifdef HAVE_UNISTD_H
| # include <unistd.h>
| #endif
| int
| main (void)
| {
| if (sizeof ((dev_t)))
| 	    return 0;
|   ;
|   return 0;
| }
configure:12885: result: yes
configure:12896: checking whether byte ordering is bigendian
configure:12912: gcc -c -g -O2  conftest.c >&5
conftest.c:72:16: error: unknown type name 'not'
   72 |                not a universal capable compiler
      |                ^~~
conftest.c:72:22: error: expected '=', ',', ';', 'asm' or '__attribute__' before 'universal'
   72 |                not a universal capable compiler
      |                      ^~~~~~~~~
conftest.c:72:22: error: unknown type name 'universal'
configure:12912: $? = 1
configure: failed program was:
| /* confdefs.h */
| #define PACKAGE_NAME ""
| #define PACKAGE_TARNAME ""
| #define PACKAGE_VERSION ""
| #define PACKAGE_STRING ""
| #define PACKAGE_BUGREPORT ""
| #define PACKAGE_URL ""
| #define UNIX 1
| #define HAVE_SYS_WAIT_H 1
| #define HAVE_STDIO_H 1
| #define HAVE_STDLIB_H 1
| #define HAVE_STRING_H 1
| #define HAVE_INTTYPES_H 1
| #define HAVE_STDINT_H 1
| #define HAVE_STRINGS_H 1
| #define HAVE_SYS_STAT_H 1
| #define HAVE_SYS_TYPES_H 1
| #define HAVE_UNISTD_H 1
| #define HAVE_SYS_TIME_H 1
| #define HAVE_SYS_SELECT_H 1
| #define HAVE_SYS_SOCKET_H 1
| #define STDC_HEADERS 1
| #define RUNTIME_GLOBAL "/usr/share/bx/vim"
| #define RUNTIME_GLOBAL_AFTER "/usr/share/bx/vim/after"
| #define MODIFIED_BY "bx"
| #define FEAT_NORMAL 1
| #define FEAT_DIFF 1
| #define ENABLE_CSCOPE 1
| #define HAVE_SHM_OPEN 1
| #define PROC_EXE_LINK "/proc/self/exe"
| #define HAVE_DATE_TIME 1
| #define HAVE_ATTRIBUTE_UNUSED 1
| #define HAVE_DIRENT_H 1
| #define HAVE_SYS_WAIT_H 1
| #define HAVE_WAITPID 1
| #define HAVE_STDINT_H 1
| #define HAVE_STDLIB_H 1
| #define HAVE_STRING_H 1
| #define HAVE_SYS_SELECT_H 1
| #define HAVE_SYS_UTSNAME_H 1
| #define HAVE_TERMCAP_H 1
| #define HAVE_FCNTL_H 1
| #define HAVE_SGTTY_H 1
| #define HAVE_SYS_IOCTL_H 1
| #define HAVE_SYS_TIME_H 1
| #define HAVE_SYS_TYPES_H 1
| #define HAVE_TERMIO_H 1
| #define HAVE_ICONV_H 1
| #define HAVE_INTTYPES_H 1
| #define HAVE_LANGINFO_H 1
| #define HAVE_MATH_H 1
| #define HAVE_UNISTD_H 1
| #define HAVE_ERRNO_H 1
| #define HAVE_SYS_RESOURCE_H 1
| #define HAVE_LOCALE_H 1
| #define HAVE_TERMIOS_H 1
| #define HAVE_SYS_STATFS_H 1
| #define HAVE_POLL_H 1
| #define HAVE_SYS_POLL_H 1
| #define HAVE_PWD_H 1
| #define HAVE_UTIME_H 1
| #define HAVE_SYS_PARAM_H 1
| #define HAVE_LIBINTL_H 1
| #define HAVE_LIBGEN_H 1
| #define HAVE_SYS_ACL_H 1
| #define HAVE_SYS_SYSINFO_H 1
| #define HAVE_WCHAR_H 1
| #define HAVE_WCTYPE_H 1
| #define HAVE_STRINGS_H 1
| /* end confdefs.h.  */
| #ifndef __APPLE_CC__
| 	       not a universal capable compiler
| 	     #endif
| 	     typedef int dummy;
| 
configure:12958: gcc -c -g -O2  conftest.c >&5
configure:12958: $? = 0
configure:12977: gcc -c -g -O2  conftest.c >&5
conftest.c: In function 'main':
conftest.c:78:18: error: unknown type name 'not'; did you mean 'ino_t'?
   78 |                  not big endian
      |                  ^~~
      |                  ino_t
conftest.c:78:26: error: expected '=', ',', ';', 'asm' or '__attribute__' before 'endian'
   78 |                  not big endian
      |                          ^~~~~~
configure:12977: $? = 1
configure: failed program was:
| /* confdefs.h */
| #define PACKAGE_NAME ""
| #define PACKAGE_TARNAME ""
| #define PACKAGE_VERSION ""
| #define PACKAGE_STRING ""
| #define PACKAGE_BUGREPORT ""
| #define PACKAGE_URL ""
| #define UNIX 1
| #define HAVE_SYS_WAIT_H 1
| #define HAVE_STDIO_H 1
| #define HAVE_STDLIB_H 1
| #define HAVE_STRING_H 1
| #define HAVE_INTTYPES_H 1
| #define HAVE_STDINT_H 1
| #define HAVE_STRINGS_H 1
| #define HAVE_SYS_STAT_H 1
| #define HAVE_SYS_TYPES_H 1
| #define HAVE_UNISTD_H 1
| #define HAVE_SYS_TIME_H 1
| #define HAVE_SYS_SELECT_H 1
| #define HAVE_SYS_SOCKET_H 1
| #define STDC_HEADERS 1
| #define RUNTIME_GLOBAL "/usr/share/bx/vim"
| #define RUNTIME_GLOBAL_AFTER "/usr/share/bx/vim/after"
| #define MODIFIED_BY "bx"
| #define FEAT_NORMAL 1
| #define FEAT_DIFF 1
| #define ENABLE_CSCOPE 1
| #define HAVE_SHM_OPEN 1
| #define PROC_EXE_LINK "/proc/self/exe"
| #define HAVE_DATE_TIME 1
| #define HAVE_ATTRIBUTE_UNUSED 1
| #define HAVE_DIRENT_H 1
| #define HAVE_SYS_WAIT_H 1
| #define HAVE_WAITPID 1
| #define HAVE_STDINT_H 1
| #define HAVE_STDLIB_H 1
| #define HAVE_STRING_H 1
| #define HAVE_SYS_SELECT_H 1
| #define HAVE_SYS_UTSNAME_H 1
| #define HAVE_TERMCAP_H 1
| #define HAVE_FCNTL_H 1
| #define HAVE_SGTTY_H 1
| #define HAVE_SYS_IOCTL_H 1
| #define HAVE_SYS_TIME_H 1
| #define HAVE_SYS_TYPES_H 1
| #define HAVE_TERMIO_H 1
| #define HAVE_ICONV_H 1
| #define HAVE_INTTYPES_H 1
| #define HAVE_LANGINFO_H 1
| #define HAVE_MATH_H 1
| #define HAVE_UNISTD_H 1
| #define HAVE_ERRNO_H 1
| #define HAVE_SYS_RESOURCE_H 1
| #define HAVE_LOCALE_H 1
| #define HAVE_TERMIOS_H 1
| #define HAVE_SYS_STATFS_H 1
| #define HAVE_POLL_H 1
| #define HAVE_SYS_POLL_H 1
| #define HAVE_PWD_H 1
| #define HAVE_UTIME_H 1
| #define HAVE_SYS_PARAM_H 1
| #define HAVE_LIBINTL_H 1
| #define HAVE_LIBGEN_H 1
| #define HAVE_SYS_ACL_H 1
| #define HAVE_SYS_SYSINFO_H 1
| #define HAVE_WCHAR_H 1
| #define HAVE_WCTYPE_H 1
| #define HAVE_STRINGS_H 1
| /* end confdefs.h.  */
| #include <sys/types.h>
| 		#include <sys/param.h>
| 
| int
| main (void)
| {
| #if BYTE_ORDER != BIG_ENDIAN
| 		 not big endian
| 		#endif
| 
|   ;
|   return 0;
| }
configure:13118: result: no
configure:13136: checking for inline
configure:13153: gcc -c -g -O2  conftest.c >&5
configure:13153: $? = 0
configure:13163: result: inline
configure:13182: checking for rlim_t
configure:13211: result: yes
configure:13220: checking for stack_t
configure:13247: result: yes
configure:13256: checking whether stack_t has an ss_base field
configure:13277: gcc -c -g -O2  conftest.c >&5
conftest.c: In function 'main':
conftest.c:83:24: error: 'stack_t' has no member named 'ss_base'; did you mean 'ss_sp'?
   83 | stack_t sigstk; sigstk.ss_base = 0;
      |                        ^~~~~~~
      |                        ss_sp
configure:13277: $? = 1
configure: failed program was:
| /* confdefs.h */
| #define PACKAGE_NAME ""
| #define PACKAGE_TARNAME ""
| #define PACKAGE_VERSION ""
| #define PACKAGE_STRING ""
| #define PACKAGE_BUGREPORT ""
| #define PACKAGE_URL ""
| #define UNIX 1
| #define HAVE_SYS_WAIT_H 1
| #define HAVE_STDIO_H 1
| #define HAVE_STDLIB_H 1
| #define HAVE_STRING_H 1
| #define HAVE_INTTYPES_H 1
| #define HAVE_STDINT_H 1
| #define HAVE_STRINGS_H 1
| #define HAVE_SYS_STAT_H 1
| #define HAVE_SYS_TYPES_H 1
| #define HAVE_UNISTD_H 1
| #define HAVE_SYS_TIME_H 1
| #define HAVE_SYS_SELECT_H 1
| #define HAVE_SYS_SOCKET_H 1
| #define STDC_HEADERS 1
| #define RUNTIME_GLOBAL "/usr/share/bx/vim"
| #define RUNTIME_GLOBAL_AFTER "/usr/share/bx/vim/after"
| #define MODIFIED_BY "bx"
| #define FEAT_NORMAL 1
| #define FEAT_DIFF 1
| #define ENABLE_CSCOPE 1
| #define HAVE_SHM_OPEN 1
| #define PROC_EXE_LINK "/proc/self/exe"
| #define HAVE_DATE_TIME 1
| #define HAVE_ATTRIBUTE_UNUSED 1
| #define HAVE_DIRENT_H 1
| #define HAVE_SYS_WAIT_H 1
| #define HAVE_WAITPID 1
| #define HAVE_STDINT_H 1
| #define HAVE_STDLIB_H 1
| #define HAVE_STRING_H 1
| #define HAVE_SYS_SELECT_H 1
| #define HAVE_SYS_UTSNAME_H 1
| #define HAVE_TERMCAP_H 1
| #define HAVE_FCNTL_H 1
| #define HAVE_SGTTY_H 1
| #define HAVE_SYS_IOCTL_H 1
| #define HAVE_SYS_TIME_H 1
| #define HAVE_SYS_TYPES_H 1
| #define HAVE_TERMIO_H 1
| #define HAVE_ICONV_H 1
| #define HAVE_INTTYPES_H 1
| #define HAVE_LANGINFO_H 1
| #define HAVE_MATH_H 1
| #define HAVE_UNISTD_H 1
| #define HAVE_ERRNO_H 1
| #define HAVE_SYS_RESOURCE_H 1
| #define HAVE_LOCALE_H 1
| #define HAVE_TERMIOS_H 1
| #define HAVE_SYS_STATFS_H 1
| #define HAVE_POLL_H 1
| #define HAVE_SYS_POLL_H 1
| #define HAVE_PWD_H 1
| #define HAVE_UTIME_H 1
| #define HAVE_SYS_PARAM_H 1
| #define HAVE_LIBINTL_H 1
| #define HAVE_LIBGEN_H 1
| #define HAVE_SYS_ACL_H 1
| #define HAVE_SYS_SYSINFO_H 1
| #define HAVE_WCHAR_H 1
| #define HAVE_WCTYPE_H 1
| #define HAVE_STRINGS_H 1
| /* end confdefs.h.  */
| 
| #include <sys/types.h>
| #if STDC_HEADERS
| # include <stdlib.h>
| # include <stddef.h>
| #endif
| #include <signal.h>
| #include "confdefs.h"
| 
| int
| main (void)
| {
| stack_t sigstk; sigstk.ss_base = 0;
|   ;
|   return 0;
| }
configure:13283: result: no
configure:13290: checking --with-tlib argument
configure:13328: result: empty: automatic terminal library selection
configure:13336: checking for tgetent in -ltinfo
configure:13365: gcc -o conftest -g -O2   -L/usr/local/lib conftest.c -ltinfo   >&5
configure:13365: $? = 0
configure:13378: result: yes
configure:13407: gcc -o conftest -g -O2   -L/usr/local/lib conftest.c -ltinfo  >&5
configure:13407: $? = 0
configure:13407: ./conftest
configure:13407: $? = 0
configure:13462: checking whether we talk terminfo
configure:13500: gcc -o conftest -g -O2   -L/usr/local/lib conftest.c -ltinfo  >&5
configure:13500: $? = 0
configure:13500: ./conftest
configure:13500: $? = 0
configure:13519: result: yes
configure:13527: checking what tgetent() returns for an unknown terminal
configure:13557: gcc -o conftest -g -O2   -L/usr/local/lib conftest.c -ltinfo  >&5
configure:13557: $? = 0
configure:13557: ./conftest
configure:13557: $? = 1
configure: program exited with status 1
configure: failed program was:
| /* confdefs.h */
| #define PACKAGE_NAME ""
| #define PACKAGE_TARNAME ""
| #define PACKAGE_VERSION ""
| #define PACKAGE_STRING ""
| #define PACKAGE_BUGREPORT ""
| #define PACKAGE_URL ""
| #define UNIX 1
| #define HAVE_SYS_WAIT_H 1
| #define HAVE_STDIO_H 1
| #define HAVE_STDLIB_H 1
| #define HAVE_STRING_H 1
| #define HAVE_INTTYPES_H 1
| #define HAVE_STDINT_H 1
| #define HAVE_STRINGS_H 1
| #define HAVE_SYS_STAT_H 1
| #define HAVE_SYS_TYPES_H 1
| #define HAVE_UNISTD_H 1
| #define HAVE_SYS_TIME_H 1
| #define HAVE_SYS_SELECT_H 1
| #define HAVE_SYS_SOCKET_H 1
| #define STDC_HEADERS 1
| #define RUNTIME_GLOBAL "/usr/share/bx/vim"
| #define RUNTIME_GLOBAL_AFTER "/usr/share/bx/vim/after"
| #define MODIFIED_BY "bx"
| #define FEAT_NORMAL 1
| #define FEAT_DIFF 1
| #define ENABLE_CSCOPE 1
| #define HAVE_SHM_OPEN 1
| #define PROC_EXE_LINK "/proc/self/exe"
| #define HAVE_DATE_TIME 1
| #define HAVE_ATTRIBUTE_UNUSED 1
| #define HAVE_DIRENT_H 1
| #define HAVE_SYS_WAIT_H 1
| #define HAVE_WAITPID 1
| #define HAVE_STDINT_H 1
| #define HAVE_STDLIB_H 1
| #define HAVE_STRING_H 1
| #define HAVE_SYS_SELECT_H 1
| #define HAVE_SYS_UTSNAME_H 1
| #define HAVE_TERMCAP_H 1
| #define HAVE_FCNTL_H 1
| #define HAVE_SGTTY_H 1
| #define HAVE_SYS_IOCTL_H 1
| #define HAVE_SYS_TIME_H 1
| #define HAVE_SYS_TYPES_H 1
| #define HAVE_TERMIO_H 1
| #define HAVE_ICONV_H 1
| #define HAVE_INTTYPES_H 1
| #define HAVE_LANGINFO_H 1
| #define HAVE_MATH_H 1
| #define HAVE_UNISTD_H 1
| #define HAVE_ERRNO_H 1
| #define HAVE_SYS_RESOURCE_H 1
| #define HAVE_LOCALE_H 1
| #define HAVE_TERMIOS_H 1
| #define HAVE_SYS_STATFS_H 1
| #define HAVE_POLL_H 1
| #define HAVE_SYS_POLL_H 1
| #define HAVE_PWD_H 1
| #define HAVE_UTIME_H 1
| #define HAVE_SYS_PARAM_H 1
| #define HAVE_LIBINTL_H 1
| #define HAVE_LIBGEN_H 1
| #define HAVE_SYS_ACL_H 1
| #define HAVE_SYS_SYSINFO_H 1
| #define HAVE_WCHAR_H 1
| #define HAVE_WCTYPE_H 1
| #define HAVE_STRINGS_H 1
| #define HAVE_LIBTINFO 1
| #define TERMINFO 1
| /* end confdefs.h.  */
| 
| #include "confdefs.h"
| #ifdef HAVE_TERMCAP_H
| # include <termcap.h>
| #endif
| #if STDC_HEADERS
| # include <stdlib.h>
| # include <stddef.h>
| #endif
| int main()
| {char s[10000]; int res = tgetent(s, "thisterminaldoesnotexist"); exit(res != 0); }
| 
configure:13576: result: non-zero
configure:13584: checking whether termcap.h contains ospeed
configure:13601: gcc -o conftest -g -O2   -L/usr/local/lib conftest.c -ltinfo  >&5
configure:13601: $? = 0
configure:13603: result: yes
configure:13645: checking whether termcap.h contains UP, BC and PC
configure:13662: gcc -o conftest -g -O2   -L/usr/local/lib conftest.c -ltinfo  >&5
configure:13662: $? = 0
configure:13664: result: yes
configure:13706: checking whether tputs() uses outfuntype
configure:13723: gcc -c -g -O2  conftest.c >&5
conftest.c: In function 'main':
conftest.c:83:36: error: 'outfuntype' undeclared (first use in this function)
   83 | extern int xx(); tputs("test", 1, (outfuntype)xx)
      |                                    ^~~~~~~~~~
conftest.c:83:36: note: each undeclared identifier is reported only once for each function it appears in
conftest.c:83:47: error: expected ')' before 'xx'
   83 | extern int xx(); tputs("test", 1, (outfuntype)xx)
      |                       ~                       ^~
      |                                               )
configure:13723: $? = 1
configure: failed program was:
| /* confdefs.h */
| #define PACKAGE_NAME ""
| #define PACKAGE_TARNAME ""
| #define PACKAGE_VERSION ""
| #define PACKAGE_STRING ""
| #define PACKAGE_BUGREPORT ""
| #define PACKAGE_URL ""
| #define UNIX 1
| #define HAVE_SYS_WAIT_H 1
| #define HAVE_STDIO_H 1
| #define HAVE_STDLIB_H 1
| #define HAVE_STRING_H 1
| #define HAVE_INTTYPES_H 1
| #define HAVE_STDINT_H 1
| #define HAVE_STRINGS_H 1
| #define HAVE_SYS_STAT_H 1
| #define HAVE_SYS_TYPES_H 1
| #define HAVE_UNISTD_H 1
| #define HAVE_SYS_TIME_H 1
| #define HAVE_SYS_SELECT_H 1
| #define HAVE_SYS_SOCKET_H 1
| #define STDC_HEADERS 1
| #define RUNTIME_GLOBAL "/usr/share/bx/vim"
| #define RUNTIME_GLOBAL_AFTER "/usr/share/bx/vim/after"
| #define MODIFIED_BY "bx"
| #define FEAT_NORMAL 1
| #define FEAT_DIFF 1
| #define ENABLE_CSCOPE 1
| #define HAVE_SHM_OPEN 1
| #define PROC_EXE_LINK "/proc/self/exe"
| #define HAVE_DATE_TIME 1
| #define HAVE_ATTRIBUTE_UNUSED 1
| #define HAVE_DIRENT_H 1
| #define HAVE_SYS_WAIT_H 1
| #define HAVE_WAITPID 1
| #define HAVE_STDINT_H 1
| #define HAVE_STDLIB_H 1
| #define HAVE_STRING_H 1
| #define HAVE_SYS_SELECT_H 1
| #define HAVE_SYS_UTSNAME_H 1
| #define HAVE_TERMCAP_H 1
| #define HAVE_FCNTL_H 1
| #define HAVE_SGTTY_H 1
| #define HAVE_SYS_IOCTL_H 1
| #define HAVE_SYS_TIME_H 1
| #define HAVE_SYS_TYPES_H 1
| #define HAVE_TERMIO_H 1
| #define HAVE_ICONV_H 1
| #define HAVE_INTTYPES_H 1
| #define HAVE_LANGINFO_H 1
| #define HAVE_MATH_H 1
| #define HAVE_UNISTD_H 1
| #define HAVE_ERRNO_H 1
| #define HAVE_SYS_RESOURCE_H 1
| #define HAVE_LOCALE_H 1
| #define HAVE_TERMIOS_H 1
| #define HAVE_SYS_STATFS_H 1
| #define HAVE_POLL_H 1
| #define HAVE_SYS_POLL_H 1
| #define HAVE_PWD_H 1
| #define HAVE_UTIME_H 1
| #define HAVE_SYS_PARAM_H 1
| #define HAVE_LIBINTL_H 1
| #define HAVE_LIBGEN_H 1
| #define HAVE_SYS_ACL_H 1
| #define HAVE_SYS_SYSINFO_H 1
| #define HAVE_WCHAR_H 1
| #define HAVE_WCTYPE_H 1
| #define HAVE_STRINGS_H 1
| #define HAVE_LIBTINFO 1
| #define TERMINFO 1
| #define HAVE_OSPEED 1
| #define HAVE_UP_BC_PC 1
| /* end confdefs.h.  */
| 
| #ifdef HAVE_TERMCAP_H
| # include <termcap.h>
| #endif
| 
| int
| main (void)
| {
| extern int xx(); tputs("test", 1, (outfuntype)xx)
|   ;
|   return 0;
| }
configure:13729: result: no
configure:13735: checking whether del_curterm() can be used
configure:13753: gcc -o conftest -g -O2   -L/usr/local/lib conftest.c -ltinfo  >&5
configure:13753: $? = 0
configure:13755: result: yes
configure:13766: checking whether sys/select.h and sys/time.h may both be included
configure:13782: gcc -c -g -O2  conftest.c >&5
configure:13782: $? = 0
configure:13784: result: yes
configure:13795: checking for /dev/ptc
configure:13803: result: no
configure:13807: checking for SVR4 ptys
configure:13829: gcc -o conftest -g -O2   -L/usr/local/lib conftest.c -ltinfo  >&5
configure:13829: $? = 0
configure:13831: result: yes
configure:13846: checking for ptyranges
configure:13880: result: don't know
configure:13885: checking for struct sigcontext
configure:13905: gcc -c -g -O2  conftest.c >&5
configure:13905: $? = 0
configure:13907: result: yes
configure:13918: checking getcwd implementation is broken
configure:13950: gcc -o conftest -g -O2   -L/usr/local/lib conftest.c -ltinfo  >&5
configure:13950: $? = 0
configure:13950: ./conftest
configure:13950: $? = 0
configure:13969: result: no
configure:13984: checking for fchdir
configure:13984: gcc -o conftest -g -O2   -L/usr/local/lib conftest.c -ltinfo  >&5
configure:13984: $? = 0
configure:13984: result: yes
configure:13990: checking for fchown
configure:13990: gcc -o conftest -g -O2   -L/usr/local/lib conftest.c -ltinfo  >&5
configure:13990: $? = 0
configure:13990: result: yes
configure:13996: checking for fchmod
configure:13996: gcc -o conftest -g -O2   -L/usr/local/lib conftest.c -ltinfo  >&5
configure:13996: $? = 0
configure:13996: result: yes
configure:14002: checking for fsync
configure:14002: gcc -o conftest -g -O2   -L/usr/local/lib conftest.c -ltinfo  >&5
configure:14002: $? = 0
configure:14002: result: yes
configure:14008: checking for getcwd
configure:14008: gcc -o conftest -g -O2   -L/usr/local/lib conftest.c -ltinfo  >&5
configure:14008: $? = 0
configure:14008: result: yes
configure:14014: checking for getpseudotty
configure:14014: gcc -o conftest -g -O2   -L/usr/local/lib conftest.c -ltinfo  >&5
/usr/lib/gcc/x86_64-pc-linux-gnu/15.2.1/../../../../x86_64-pc-linux-gnu/bin/ld: /tmp/ccb00aZc.o: in function `main':
/home/me/projects/cryptog/bx/src/applets/text/edit/vim/src/conftest.c:111:(.text.startup+0x5): undefined reference to `getpseudotty'
collect2: error: ld returned 1 exit status
configure:14014: $? = 1
configure: failed program was:
| /* confdefs.h */
| #define PACKAGE_NAME ""
| #define PACKAGE_TARNAME ""
| #define PACKAGE_VERSION ""
| #define PACKAGE_STRING ""
| #define PACKAGE_BUGREPORT ""
| #define PACKAGE_URL ""
| #define UNIX 1
| #define HAVE_SYS_WAIT_H 1
| #define HAVE_STDIO_H 1
| #define HAVE_STDLIB_H 1
| #define HAVE_STRING_H 1
| #define HAVE_INTTYPES_H 1
| #define HAVE_STDINT_H 1
| #define HAVE_STRINGS_H 1
| #define HAVE_SYS_STAT_H 1
| #define HAVE_SYS_TYPES_H 1
| #define HAVE_UNISTD_H 1
| #define HAVE_SYS_TIME_H 1
| #define HAVE_SYS_SELECT_H 1
| #define HAVE_SYS_SOCKET_H 1
| #define STDC_HEADERS 1
| #define RUNTIME_GLOBAL "/usr/share/bx/vim"
| #define RUNTIME_GLOBAL_AFTER "/usr/share/bx/vim/after"
| #define MODIFIED_BY "bx"
| #define FEAT_NORMAL 1
| #define FEAT_DIFF 1
| #define ENABLE_CSCOPE 1
| #define HAVE_SHM_OPEN 1
| #define PROC_EXE_LINK "/proc/self/exe"
| #define HAVE_DATE_TIME 1
| #define HAVE_ATTRIBUTE_UNUSED 1
| #define HAVE_DIRENT_H 1
| #define HAVE_SYS_WAIT_H 1
| #define HAVE_WAITPID 1
| #define HAVE_STDINT_H 1
| #define HAVE_STDLIB_H 1
| #define HAVE_STRING_H 1
| #define HAVE_SYS_SELECT_H 1
| #define HAVE_SYS_UTSNAME_H 1
| #define HAVE_TERMCAP_H 1
| #define HAVE_FCNTL_H 1
| #define HAVE_SGTTY_H 1
| #define HAVE_SYS_IOCTL_H 1
| #define HAVE_SYS_TIME_H 1
| #define HAVE_SYS_TYPES_H 1
| #define HAVE_TERMIO_H 1
| #define HAVE_ICONV_H 1
| #define HAVE_INTTYPES_H 1
| #define HAVE_LANGINFO_H 1
| #define HAVE_MATH_H 1
| #define HAVE_UNISTD_H 1
| #define HAVE_ERRNO_H 1
| #define HAVE_SYS_RESOURCE_H 1
| #define HAVE_LOCALE_H 1
| #define HAVE_TERMIOS_H 1
| #define HAVE_SYS_STATFS_H 1
| #define HAVE_POLL_H 1
| #define HAVE_SYS_POLL_H 1
| #define HAVE_PWD_H 1
| #define HAVE_UTIME_H 1
| #define HAVE_SYS_PARAM_H 1
| #define HAVE_LIBINTL_H 1
| #define HAVE_LIBGEN_H 1
| #define HAVE_SYS_ACL_H 1
| #define HAVE_SYS_SYSINFO_H 1
| #define HAVE_WCHAR_H 1
| #define HAVE_WCTYPE_H 1
| #define HAVE_STRINGS_H 1
| #define HAVE_LIBTINFO 1
| #define TERMINFO 1
| #define HAVE_OSPEED 1
| #define HAVE_UP_BC_PC 1
| #define HAVE_DEL_CURTERM 1
| #define SYS_SELECT_WITH_SYS_TIME 1
| #define HAVE_SVR4_PTYS 1
| #define HAVE_SIGCONTEXT 1
| #define HAVE_FCHDIR 1
| #define HAVE_FCHOWN 1
| #define HAVE_FCHMOD 1
| #define HAVE_FSYNC 1
| #define HAVE_GETCWD 1
| /* end confdefs.h.  */
| /* Define getpseudotty to an innocuous variant, in case <limits.h> declares getpseudotty.
|    For example, HP-UX 11i <limits.h> declares gettimeofday.  */
| #define getpseudotty innocuous_getpseudotty
| 
| /* System header to define __stub macros and hopefully few prototypes,
|    which can conflict with char getpseudotty (void); below.  */
| 
| #include <limits.h>
| #undef getpseudotty
| 
| /* Override any GCC internal prototype to avoid an error.
|    Use char because int might match the return type of a GCC
|    builtin and then its argument prototype would still apply.  */
| #ifdef __cplusplus
| extern "C"
| #endif
| char getpseudotty (void);
| /* The GNU C library defines this for functions which it implements
|     to always fail with ENOSYS.  Some functions are actually named
|     something starting with __ and the normal name is an alias.  */
| #if defined __stub_getpseudotty || defined __stub___getpseudotty
| choke me
| #endif
| 
| int
| main (void)
| {
| return getpseudotty ();
|   ;
|   return 0;
| }
configure:14014: result: no
configure:14020: checking for getpwent
configure:14020: gcc -o conftest -g -O2   -L/usr/local/lib conftest.c -ltinfo  >&5
configure:14020: $? = 0
configure:14020: result: yes
configure:14026: checking for getpwnam
configure:14026: gcc -o conftest -g -O2   -L/usr/local/lib conftest.c -ltinfo  >&5
configure:14026: $? = 0
configure:14026: result: yes
configure:14032: checking for getpwuid
configure:14032: gcc -o conftest -g -O2   -L/usr/local/lib conftest.c -ltinfo  >&5
configure:14032: $? = 0
configure:14032: result: yes
configure:14038: checking for getrlimit
configure:14038: gcc -o conftest -g -O2   -L/usr/local/lib conftest.c -ltinfo  >&5
configure:14038: $? = 0
configure:14038: result: yes
configure:14044: checking for gettimeofday
configure:14044: gcc -o conftest -g -O2   -L/usr/local/lib conftest.c -ltinfo  >&5
configure:14044: $? = 0
configure:14044: result: yes
configure:14050: checking for localtime_r
configure:14050: gcc -o conftest -g -O2   -L/usr/local/lib conftest.c -ltinfo  >&5
configure:14050: $? = 0
configure:14050: result: yes
configure:14056: checking for lstat
configure:14056: gcc -o conftest -g -O2   -L/usr/local/lib conftest.c -ltinfo  >&5
configure:14056: $? = 0
configure:14056: result: yes
configure:14062: checking for memset
configure:14062: gcc -o conftest -g -O2   -L/usr/local/lib conftest.c -ltinfo  >&5
conftest.c:107:6: warning: conflicting types for built-in function 'memset'; expected 'void *(void *, int,  long unsigned int)' [-Wbuiltin-declaration-mismatch]
  107 | char memset (void);
      |      ^~~~~~
conftest.c:99:1: note: 'memset' is declared in header '<string.h>'
   98 | #include <limits.h>
   99 | #undef memset
configure:14062: $? = 0
configure:14062: result: yes
configure:14068: checking for mkdtemp
configure:14068: gcc -o conftest -g -O2   -L/usr/local/lib conftest.c -ltinfo  >&5
configure:14068: $? = 0
configure:14068: result: yes
configure:14074: checking for nanosleep
configure:14074: gcc -o conftest -g -O2   -L/usr/local/lib conftest.c -ltinfo  >&5
configure:14074: $? = 0
configure:14074: result: yes
configure:14080: checking for opendir
configure:14080: gcc -o conftest -g -O2   -L/usr/local/lib conftest.c -ltinfo  >&5
configure:14080: $? = 0
configure:14080: result: yes
configure:14086: checking for putenv
configure:14086: gcc -o conftest -g -O2   -L/usr/local/lib conftest.c -ltinfo  >&5
configure:14086: $? = 0
configure:14086: result: yes
configure:14092: checking for qsort
configure:14092: gcc -o conftest -g -O2   -L/usr/local/lib conftest.c -ltinfo  >&5
configure:14092: $? = 0
configure:14092: result: yes
configure:14098: checking for readlink
configure:14098: gcc -o conftest -g -O2   -L/usr/local/lib conftest.c -ltinfo  >&5
configure:14098: $? = 0
configure:14098: result: yes
configure:14104: checking for select
configure:14104: gcc -o conftest -g -O2   -L/usr/local/lib conftest.c -ltinfo  >&5
configure:14104: $? = 0
configure:14104: result: yes
configure:14110: checking for setenv
configure:14110: gcc -o conftest -g -O2   -L/usr/local/lib conftest.c -ltinfo  >&5
configure:14110: $? = 0
configure:14110: result: yes
configure:14116: checking for getpgid
configure:14116: gcc -o conftest -g -O2   -L/usr/local/lib conftest.c -ltinfo  >&5
configure:14116: $? = 0
configure:14116: result: yes
configure:14122: checking for setpgid
configure:14122: gcc -o conftest -g -O2   -L/usr/local/lib conftest.c -ltinfo  >&5
configure:14122: $? = 0
configure:14122: result: yes
configure:14128: checking for setsid
configure:14128: gcc -o conftest -g -O2   -L/usr/local/lib conftest.c -ltinfo  >&5
configure:14128: $? = 0
configure:14128: result: yes
configure:14134: checking for sigaltstack
configure:14134: gcc -o conftest -g -O2   -L/usr/local/lib conftest.c -ltinfo  >&5
configure:14134: $? = 0
configure:14134: result: yes
configure:14140: checking for sigstack
configure:14140: gcc -o conftest -g -O2   -L/usr/local/lib conftest.c -ltinfo  >&5
/usr/lib/gcc/x86_64-pc-linux-gnu/15.2.1/../../../../x86_64-pc-linux-gnu/bin/ld: /tmp/ccVz5JeZ.o: in function `main':
/home/me/projects/cryptog/bx/src/applets/text/edit/vim/src/conftest.c:131:(.text.startup+0x5): warning: the `sigstack' function is dangerous.  `sigaltstack' should be used instead.
configure:14140: $? = 0
configure:14140: result: yes
configure:14146: checking for sigset
configure:14146: gcc -o conftest -g -O2   -L/usr/local/lib conftest.c -ltinfo  >&5
configure:14146: $? = 0
configure:14146: result: yes
configure:14152: checking for sigsetjmp
configure:14152: gcc -o conftest -g -O2   -L/usr/local/lib conftest.c -ltinfo  >&5
/usr/lib/gcc/x86_64-pc-linux-gnu/15.2.1/../../../../x86_64-pc-linux-gnu/bin/ld: /tmp/ccYX0TCo.o: in function `main':
/home/me/projects/cryptog/bx/src/applets/text/edit/vim/src/conftest.c:133:(.text.startup+0x5): undefined reference to `sigsetjmp'
collect2: error: ld returned 1 exit status
configure:14152: $? = 1
configure: failed program was:
| /* confdefs.h */
| #define PACKAGE_NAME ""
| #define PACKAGE_TARNAME ""
| #define PACKAGE_VERSION ""
| #define PACKAGE_STRING ""
| #define PACKAGE_BUGREPORT ""
| #define PACKAGE_URL ""
| #define UNIX 1
| #define HAVE_SYS_WAIT_H 1
| #define HAVE_STDIO_H 1
| #define HAVE_STDLIB_H 1
| #define HAVE_STRING_H 1
| #define HAVE_INTTYPES_H 1
| #define HAVE_STDINT_H 1
| #define HAVE_STRINGS_H 1
| #define HAVE_SYS_STAT_H 1
| #define HAVE_SYS_TYPES_H 1
| #define HAVE_UNISTD_H 1
| #define HAVE_SYS_TIME_H 1
| #define HAVE_SYS_SELECT_H 1
| #define HAVE_SYS_SOCKET_H 1
| #define STDC_HEADERS 1
| #define RUNTIME_GLOBAL "/usr/share/bx/vim"
| #define RUNTIME_GLOBAL_AFTER "/usr/share/bx/vim/after"
| #define MODIFIED_BY "bx"
| #define FEAT_NORMAL 1
| #define FEAT_DIFF 1
| #define ENABLE_CSCOPE 1
| #define HAVE_SHM_OPEN 1
| #define PROC_EXE_LINK "/proc/self/exe"
| #define HAVE_DATE_TIME 1
| #define HAVE_ATTRIBUTE_UNUSED 1
| #define HAVE_DIRENT_H 1
| #define HAVE_SYS_WAIT_H 1
| #define HAVE_WAITPID 1
| #define HAVE_STDINT_H 1
| #define HAVE_STDLIB_H 1
| #define HAVE_STRING_H 1
| #define HAVE_SYS_SELECT_H 1
| #define HAVE_SYS_UTSNAME_H 1
| #define HAVE_TERMCAP_H 1
| #define HAVE_FCNTL_H 1
| #define HAVE_SGTTY_H 1
| #define HAVE_SYS_IOCTL_H 1
| #define HAVE_SYS_TIME_H 1
| #define HAVE_SYS_TYPES_H 1
| #define HAVE_TERMIO_H 1
| #define HAVE_ICONV_H 1
| #define HAVE_INTTYPES_H 1
| #define HAVE_LANGINFO_H 1
| #define HAVE_MATH_H 1
| #define HAVE_UNISTD_H 1
| #define HAVE_ERRNO_H 1
| #define HAVE_SYS_RESOURCE_H 1
| #define HAVE_LOCALE_H 1
| #define HAVE_TERMIOS_H 1
| #define HAVE_SYS_STATFS_H 1
| #define HAVE_POLL_H 1
| #define HAVE_SYS_POLL_H 1
| #define HAVE_PWD_H 1
| #define HAVE_UTIME_H 1
| #define HAVE_SYS_PARAM_H 1
| #define HAVE_LIBINTL_H 1
| #define HAVE_LIBGEN_H 1
| #define HAVE_SYS_ACL_H 1
| #define HAVE_SYS_SYSINFO_H 1
| #define HAVE_WCHAR_H 1
| #define HAVE_WCTYPE_H 1
| #define HAVE_STRINGS_H 1
| #define HAVE_LIBTINFO 1
| #define TERMINFO 1
| #define HAVE_OSPEED 1
| #define HAVE_UP_BC_PC 1
| #define HAVE_DEL_CURTERM 1
| #define SYS_SELECT_WITH_SYS_TIME 1
| #define HAVE_SVR4_PTYS 1
| #define HAVE_SIGCONTEXT 1
| #define HAVE_FCHDIR 1
| #define HAVE_FCHOWN 1
| #define HAVE_FCHMOD 1
| #define HAVE_FSYNC 1
| #define HAVE_GETCWD 1
| #define HAVE_GETPWENT 1
| #define HAVE_GETPWNAM 1
| #define HAVE_GETPWUID 1
| #define HAVE_GETRLIMIT 1
| #define HAVE_GETTIMEOFDAY 1
| #define HAVE_LOCALTIME_R 1
| #define HAVE_LSTAT 1
| #define HAVE_MEMSET 1
| #define HAVE_MKDTEMP 1
| #define HAVE_NANOSLEEP 1
| #define HAVE_OPENDIR 1
| #define HAVE_PUTENV 1
| #define HAVE_QSORT 1
| #define HAVE_READLINK 1
| #define HAVE_SELECT 1
| #define HAVE_SETENV 1
| #define HAVE_GETPGID 1
| #define HAVE_SETPGID 1
| #define HAVE_SETSID 1
| #define HAVE_SIGALTSTACK 1
| #define HAVE_SIGSTACK 1
| #define HAVE_SIGSET 1
| /* end confdefs.h.  */
| /* Define sigsetjmp to an innocuous variant, in case <limits.h> declares sigsetjmp.
|    For example, HP-UX 11i <limits.h> declares gettimeofday.  */
| #define sigsetjmp innocuous_sigsetjmp
| 
| /* System header to define __stub macros and hopefully few prototypes,
|    which can conflict with char sigsetjmp (void); below.  */
| 
| #include <limits.h>
| #undef sigsetjmp
| 
| /* Override any GCC internal prototype to avoid an error.
|    Use char because int might match the return type of a GCC
|    builtin and then its argument prototype would still apply.  */
| #ifdef __cplusplus
| extern "C"
| #endif
| char sigsetjmp (void);
| /* The GNU C library defines this for functions which it implements
|     to always fail with ENOSYS.  Some functions are actually named
|     something starting with __ and the normal name is an alias.  */
| #if defined __stub_sigsetjmp || defined __stub___sigsetjmp
| choke me
| #endif
| 
| int
| main (void)
| {
| return sigsetjmp ();
|   ;
|   return 0;
| }
configure:14152: result: no
configure:14158: checking for sigaction
configure:14158: gcc -o conftest -g -O2   -L/usr/local/lib conftest.c -ltinfo  >&5
configure:14158: $? = 0
configure:14158: result: yes
configure:14164: checking for sigprocmask
configure:14164: gcc -o conftest -g -O2   -L/usr/local/lib conftest.c -ltinfo  >&5
configure:14164: $? = 0
configure:14164: result: yes
configure:14170: checking for sigvec
configure:14170: gcc -o conftest -g -O2   -L/usr/local/lib conftest.c -ltinfo  >&5
/usr/lib/gcc/x86_64-pc-linux-gnu/15.2.1/../../../../x86_64-pc-linux-gnu/bin/ld: /tmp/ccNjasHJ.o: in function `main':
/home/me/projects/cryptog/bx/src/applets/text/edit/vim/src/conftest.c:135:(.text.startup+0x5): undefined reference to `sigvec'
collect2: error: ld returned 1 exit status
configure:14170: $? = 1
configure: failed program was:
| /* confdefs.h */
| #define PACKAGE_NAME ""
| #define PACKAGE_TARNAME ""
| #define PACKAGE_VERSION ""
| #define PACKAGE_STRING ""
| #define PACKAGE_BUGREPORT ""
| #define PACKAGE_URL ""
| #define UNIX 1
| #define HAVE_SYS_WAIT_H 1
| #define HAVE_STDIO_H 1
| #define HAVE_STDLIB_H 1
| #define HAVE_STRING_H 1
| #define HAVE_INTTYPES_H 1
| #define HAVE_STDINT_H 1
| #define HAVE_STRINGS_H 1
| #define HAVE_SYS_STAT_H 1
| #define HAVE_SYS_TYPES_H 1
| #define HAVE_UNISTD_H 1
| #define HAVE_SYS_TIME_H 1
| #define HAVE_SYS_SELECT_H 1
| #define HAVE_SYS_SOCKET_H 1
| #define STDC_HEADERS 1
| #define RUNTIME_GLOBAL "/usr/share/bx/vim"
| #define RUNTIME_GLOBAL_AFTER "/usr/share/bx/vim/after"
| #define MODIFIED_BY "bx"
| #define FEAT_NORMAL 1
| #define FEAT_DIFF 1
| #define ENABLE_CSCOPE 1
| #define HAVE_SHM_OPEN 1
| #define PROC_EXE_LINK "/proc/self/exe"
| #define HAVE_DATE_TIME 1
| #define HAVE_ATTRIBUTE_UNUSED 1
| #define HAVE_DIRENT_H 1
| #define HAVE_SYS_WAIT_H 1
| #define HAVE_WAITPID 1
| #define HAVE_STDINT_H 1
| #define HAVE_STDLIB_H 1
| #define HAVE_STRING_H 1
| #define HAVE_SYS_SELECT_H 1
| #define HAVE_SYS_UTSNAME_H 1
| #define HAVE_TERMCAP_H 1
| #define HAVE_FCNTL_H 1
| #define HAVE_SGTTY_H 1
| #define HAVE_SYS_IOCTL_H 1
| #define HAVE_SYS_TIME_H 1
| #define HAVE_SYS_TYPES_H 1
| #define HAVE_TERMIO_H 1
| #define HAVE_ICONV_H 1
| #define HAVE_INTTYPES_H 1
| #define HAVE_LANGINFO_H 1
| #define HAVE_MATH_H 1
| #define HAVE_UNISTD_H 1
| #define HAVE_ERRNO_H 1
| #define HAVE_SYS_RESOURCE_H 1
| #define HAVE_LOCALE_H 1
| #define HAVE_TERMIOS_H 1
| #define HAVE_SYS_STATFS_H 1
| #define HAVE_POLL_H 1
| #define HAVE_SYS_POLL_H 1
| #define HAVE_PWD_H 1
| #define HAVE_UTIME_H 1
| #define HAVE_SYS_PARAM_H 1
| #define HAVE_LIBINTL_H 1
| #define HAVE_LIBGEN_H 1
| #define HAVE_SYS_ACL_H 1
| #define HAVE_SYS_SYSINFO_H 1
| #define HAVE_WCHAR_H 1
| #define HAVE_WCTYPE_H 1
| #define HAVE_STRINGS_H 1
| #define HAVE_LIBTINFO 1
| #define TERMINFO 1
| #define HAVE_OSPEED 1
| #define HAVE_UP_BC_PC 1
| #define HAVE_DEL_CURTERM 1
| #define SYS_SELECT_WITH_SYS_TIME 1
| #define HAVE_SVR4_PTYS 1
| #define HAVE_SIGCONTEXT 1
| #define HAVE_FCHDIR 1
| #define HAVE_FCHOWN 1
| #define HAVE_FCHMOD 1
| #define HAVE_FSYNC 1
| #define HAVE_GETCWD 1
| #define HAVE_GETPWENT 1
| #define HAVE_GETPWNAM 1
| #define HAVE_GETPWUID 1
| #define HAVE_GETRLIMIT 1
| #define HAVE_GETTIMEOFDAY 1
| #define HAVE_LOCALTIME_R 1
| #define HAVE_LSTAT 1
| #define HAVE_MEMSET 1
| #define HAVE_MKDTEMP 1
| #define HAVE_NANOSLEEP 1
| #define HAVE_OPENDIR 1
| #define HAVE_PUTENV 1
| #define HAVE_QSORT 1
| #define HAVE_READLINK 1
| #define HAVE_SELECT 1
| #define HAVE_SETENV 1
| #define HAVE_GETPGID 1
| #define HAVE_SETPGID 1
| #define HAVE_SETSID 1
| #define HAVE_SIGALTSTACK 1
| #define HAVE_SIGSTACK 1
| #define HAVE_SIGSET 1
| #define HAVE_SIGACTION 1
| #define HAVE_SIGPROCMASK 1
| /* end confdefs.h.  */
| /* Define sigvec to an innocuous variant, in case <limits.h> declares sigvec.
|    For example, HP-UX 11i <limits.h> declares gettimeofday.  */
| #define sigvec innocuous_sigvec
| 
| /* System header to define __stub macros and hopefully few prototypes,
|    which can conflict with char sigvec (void); below.  */
| 
| #include <limits.h>
| #undef sigvec
| 
| /* Override any GCC internal prototype to avoid an error.
|    Use char because int might match the return type of a GCC
|    builtin and then its argument prototype would still apply.  */
| #ifdef __cplusplus
| extern "C"
| #endif
| char sigvec (void);
| /* The GNU C library defines this for functions which it implements
|     to always fail with ENOSYS.  Some functions are actually named
|     something starting with __ and the normal name is an alias.  */
| #if defined __stub_sigvec || defined __stub___sigvec
| choke me
| #endif
| 
| int
| main (void)
| {
| return sigvec ();
|   ;
|   return 0;
| }
configure:14170: result: no
configure:14176: checking for strcasecmp
configure:14176: gcc -o conftest -g -O2   -L/usr/local/lib conftest.c -ltinfo  >&5
conftest.c:124:6: warning: conflicting types for built-in function 'strcasecmp'; expected 'int(const char *, const char *)' [-Wbuiltin-declaration-mismatch]
  124 | char strcasecmp (void);
      |      ^~~~~~~~~~
configure:14176: $? = 0
configure:14176: result: yes
configure:14182: checking for strcoll
configure:14182: gcc -o conftest -g -O2   -L/usr/local/lib conftest.c -ltinfo  >&5
configure:14182: $? = 0
configure:14182: result: yes
configure:14188: checking for strerror
configure:14188: gcc -o conftest -g -O2   -L/usr/local/lib conftest.c -ltinfo  >&5
configure:14188: $? = 0
configure:14188: result: yes
configure:14194: checking for strftime
configure:14194: gcc -o conftest -g -O2   -L/usr/local/lib conftest.c -ltinfo  >&5
conftest.c:127:6: warning: conflicting types for built-in function 'strftime'; expected 'long unsigned int(char *, long unsigned int,  const char *, const void *)' [-Wbuiltin-declaration-mismatch]
  127 | char strftime (void);
      |      ^~~~~~~~
conftest.c:119:1: note: 'strftime' is declared in header '<time.h>'
  118 | #include <limits.h>
  119 | #undef strftime
configure:14194: $? = 0
configure:14194: result: yes
configure:14200: checking for stricmp
configure:14200: gcc -o conftest -g -O2   -L/usr/local/lib conftest.c -ltinfo  >&5
/usr/lib/gcc/x86_64-pc-linux-gnu/15.2.1/../../../../x86_64-pc-linux-gnu/bin/ld: /tmp/ccfO662d.o: in function `main':
/home/me/projects/cryptog/bx/src/applets/text/edit/vim/src/conftest.c:139:(.text.startup+0x5): undefined reference to `stricmp'
collect2: error: ld returned 1 exit status
configure:14200: $? = 1
configure: failed program was:
| /* confdefs.h */
| #define PACKAGE_NAME ""
| #define PACKAGE_TARNAME ""
| #define PACKAGE_VERSION ""
| #define PACKAGE_STRING ""
| #define PACKAGE_BUGREPORT ""
| #define PACKAGE_URL ""
| #define UNIX 1
| #define HAVE_SYS_WAIT_H 1
| #define HAVE_STDIO_H 1
| #define HAVE_STDLIB_H 1
| #define HAVE_STRING_H 1
| #define HAVE_INTTYPES_H 1
| #define HAVE_STDINT_H 1
| #define HAVE_STRINGS_H 1
| #define HAVE_SYS_STAT_H 1
| #define HAVE_SYS_TYPES_H 1
| #define HAVE_UNISTD_H 1
| #define HAVE_SYS_TIME_H 1
| #define HAVE_SYS_SELECT_H 1
| #define HAVE_SYS_SOCKET_H 1
| #define STDC_HEADERS 1
| #define RUNTIME_GLOBAL "/usr/share/bx/vim"
| #define RUNTIME_GLOBAL_AFTER "/usr/share/bx/vim/after"
| #define MODIFIED_BY "bx"
| #define FEAT_NORMAL 1
| #define FEAT_DIFF 1
| #define ENABLE_CSCOPE 1
| #define HAVE_SHM_OPEN 1
| #define PROC_EXE_LINK "/proc/self/exe"
| #define HAVE_DATE_TIME 1
| #define HAVE_ATTRIBUTE_UNUSED 1
| #define HAVE_DIRENT_H 1
| #define HAVE_SYS_WAIT_H 1
| #define HAVE_WAITPID 1
| #define HAVE_STDINT_H 1
| #define HAVE_STDLIB_H 1
| #define HAVE_STRING_H 1
| #define HAVE_SYS_SELECT_H 1
| #define HAVE_SYS_UTSNAME_H 1
| #define HAVE_TERMCAP_H 1
| #define HAVE_FCNTL_H 1
| #define HAVE_SGTTY_H 1
| #define HAVE_SYS_IOCTL_H 1
| #define HAVE_SYS_TIME_H 1
| #define HAVE_SYS_TYPES_H 1
| #define HAVE_TERMIO_H 1
| #define HAVE_ICONV_H 1
| #define HAVE_INTTYPES_H 1
| #define HAVE_LANGINFO_H 1
| #define HAVE_MATH_H 1
| #define HAVE_UNISTD_H 1
| #define HAVE_ERRNO_H 1
| #define HAVE_SYS_RESOURCE_H 1
| #define HAVE_LOCALE_H 1
| #define HAVE_TERMIOS_H 1
| #define HAVE_SYS_STATFS_H 1
| #define HAVE_POLL_H 1
| #define HAVE_SYS_POLL_H 1
| #define HAVE_PWD_H 1
| #define HAVE_UTIME_H 1
| #define HAVE_SYS_PARAM_H 1
| #define HAVE_LIBINTL_H 1
| #define HAVE_LIBGEN_H 1
| #define HAVE_SYS_ACL_H 1
| #define HAVE_SYS_SYSINFO_H 1
| #define HAVE_WCHAR_H 1
| #define HAVE_WCTYPE_H 1
| #define HAVE_STRINGS_H 1
| #define HAVE_LIBTINFO 1
| #define TERMINFO 1
| #define HAVE_OSPEED 1
| #define HAVE_UP_BC_PC 1
| #define HAVE_DEL_CURTERM 1
| #define SYS_SELECT_WITH_SYS_TIME 1
| #define HAVE_SVR4_PTYS 1
| #define HAVE_SIGCONTEXT 1
| #define HAVE_FCHDIR 1
| #define HAVE_FCHOWN 1
| #define HAVE_FCHMOD 1
| #define HAVE_FSYNC 1
| #define HAVE_GETCWD 1
| #define HAVE_GETPWENT 1
| #define HAVE_GETPWNAM 1
| #define HAVE_GETPWUID 1
| #define HAVE_GETRLIMIT 1
| #define HAVE_GETTIMEOFDAY 1
| #define HAVE_LOCALTIME_R 1
| #define HAVE_LSTAT 1
| #define HAVE_MEMSET 1
| #define HAVE_MKDTEMP 1
| #define HAVE_NANOSLEEP 1
| #define HAVE_OPENDIR 1
| #define HAVE_PUTENV 1
| #define HAVE_QSORT 1
| #define HAVE_READLINK 1
| #define HAVE_SELECT 1
| #define HAVE_SETENV 1
| #define HAVE_GETPGID 1
| #define HAVE_SETPGID 1
| #define HAVE_SETSID 1
| #define HAVE_SIGALTSTACK 1
| #define HAVE_SIGSTACK 1
| #define HAVE_SIGSET 1
| #define HAVE_SIGACTION 1
| #define HAVE_SIGPROCMASK 1
| #define HAVE_STRCASECMP 1
| #define HAVE_STRCOLL 1
| #define HAVE_STRERROR 1
| #define HAVE_STRFTIME 1
| /* end confdefs.h.  */
| /* Define stricmp to an innocuous variant, in case <limits.h> declares stricmp.
|    For example, HP-UX 11i <limits.h> declares gettimeofday.  */
| #define stricmp innocuous_stricmp
| 
| /* System header to define __stub macros and hopefully few prototypes,
|    which can conflict with char stricmp (void); below.  */
| 
| #include <limits.h>
| #undef stricmp
| 
| /* Override any GCC internal prototype to avoid an error.
|    Use char because int might match the return type of a GCC
|    builtin and then its argument prototype would still apply.  */
| #ifdef __cplusplus
| extern "C"
| #endif
| char stricmp (void);
| /* The GNU C library defines this for functions which it implements
|     to always fail with ENOSYS.  Some functions are actually named
|     something starting with __ and the normal name is an alias.  */
| #if defined __stub_stricmp || defined __stub___stricmp
| choke me
| #endif
| 
| int
| main (void)
| {
| return stricmp ();
|   ;
|   return 0;
| }
configure:14200: result: no
configure:14206: checking for strncasecmp
configure:14206: gcc -o conftest -g -O2   -L/usr/local/lib conftest.c -ltinfo  >&5
conftest.c:128:6: warning: conflicting types for built-in function 'strncasecmp'; expected 'int(const char *, const char *, long unsigned int)' [-Wbuiltin-declaration-mismatch]
  128 | char strncasecmp (void);
      |      ^~~~~~~~~~~
configure:14206: $? = 0
configure:14206: result: yes
configure:14212: checking for strnicmp
configure:14212: gcc -o conftest -g -O2   -L/usr/local/lib conftest.c -ltinfo  >&5
/usr/lib/gcc/x86_64-pc-linux-gnu/15.2.1/../../../../x86_64-pc-linux-gnu/bin/ld: /tmp/cc8XRv8G.o: in function `main':
/home/me/projects/cryptog/bx/src/applets/text/edit/vim/src/conftest.c:140:(.text.startup+0x5): undefined reference to `strnicmp'
collect2: error: ld returned 1 exit status
configure:14212: $? = 1
configure: failed program was:
| /* confdefs.h */
| #define PACKAGE_NAME ""
| #define PACKAGE_TARNAME ""
| #define PACKAGE_VERSION ""
| #define PACKAGE_STRING ""
| #define PACKAGE_BUGREPORT ""
| #define PACKAGE_URL ""
| #define UNIX 1
| #define HAVE_SYS_WAIT_H 1
| #define HAVE_STDIO_H 1
| #define HAVE_STDLIB_H 1
| #define HAVE_STRING_H 1
| #define HAVE_INTTYPES_H 1
| #define HAVE_STDINT_H 1
| #define HAVE_STRINGS_H 1
| #define HAVE_SYS_STAT_H 1
| #define HAVE_SYS_TYPES_H 1
| #define HAVE_UNISTD_H 1
| #define HAVE_SYS_TIME_H 1
| #define HAVE_SYS_SELECT_H 1
| #define HAVE_SYS_SOCKET_H 1
| #define STDC_HEADERS 1
| #define RUNTIME_GLOBAL "/usr/share/bx/vim"
| #define RUNTIME_GLOBAL_AFTER "/usr/share/bx/vim/after"
| #define MODIFIED_BY "bx"
| #define FEAT_NORMAL 1
| #define FEAT_DIFF 1
| #define ENABLE_CSCOPE 1
| #define HAVE_SHM_OPEN 1
| #define PROC_EXE_LINK "/proc/self/exe"
| #define HAVE_DATE_TIME 1
| #define HAVE_ATTRIBUTE_UNUSED 1
| #define HAVE_DIRENT_H 1
| #define HAVE_SYS_WAIT_H 1
| #define HAVE_WAITPID 1
| #define HAVE_STDINT_H 1
| #define HAVE_STDLIB_H 1
| #define HAVE_STRING_H 1
| #define HAVE_SYS_SELECT_H 1
| #define HAVE_SYS_UTSNAME_H 1
| #define HAVE_TERMCAP_H 1
| #define HAVE_FCNTL_H 1
| #define HAVE_SGTTY_H 1
| #define HAVE_SYS_IOCTL_H 1
| #define HAVE_SYS_TIME_H 1
| #define HAVE_SYS_TYPES_H 1
| #define HAVE_TERMIO_H 1
| #define HAVE_ICONV_H 1
| #define HAVE_INTTYPES_H 1
| #define HAVE_LANGINFO_H 1
| #define HAVE_MATH_H 1
| #define HAVE_UNISTD_H 1
| #define HAVE_ERRNO_H 1
| #define HAVE_SYS_RESOURCE_H 1
| #define HAVE_LOCALE_H 1
| #define HAVE_TERMIOS_H 1
| #define HAVE_SYS_STATFS_H 1
| #define HAVE_POLL_H 1
| #define HAVE_SYS_POLL_H 1
| #define HAVE_PWD_H 1
| #define HAVE_UTIME_H 1
| #define HAVE_SYS_PARAM_H 1
| #define HAVE_LIBINTL_H 1
| #define HAVE_LIBGEN_H 1
| #define HAVE_SYS_ACL_H 1
| #define HAVE_SYS_SYSINFO_H 1
| #define HAVE_WCHAR_H 1
| #define HAVE_WCTYPE_H 1
| #define HAVE_STRINGS_H 1
| #define HAVE_LIBTINFO 1
| #define TERMINFO 1
| #define HAVE_OSPEED 1
| #define HAVE_UP_BC_PC 1
| #define HAVE_DEL_CURTERM 1
| #define SYS_SELECT_WITH_SYS_TIME 1
| #define HAVE_SVR4_PTYS 1
| #define HAVE_SIGCONTEXT 1
| #define HAVE_FCHDIR 1
| #define HAVE_FCHOWN 1
| #define HAVE_FCHMOD 1
| #define HAVE_FSYNC 1
| #define HAVE_GETCWD 1
| #define HAVE_GETPWENT 1
| #define HAVE_GETPWNAM 1
| #define HAVE_GETPWUID 1
| #define HAVE_GETRLIMIT 1
| #define HAVE_GETTIMEOFDAY 1
| #define HAVE_LOCALTIME_R 1
| #define HAVE_LSTAT 1
| #define HAVE_MEMSET 1
| #define HAVE_MKDTEMP 1
| #define HAVE_NANOSLEEP 1
| #define HAVE_OPENDIR 1
| #define HAVE_PUTENV 1
| #define HAVE_QSORT 1
| #define HAVE_READLINK 1
| #define HAVE_SELECT 1
| #define HAVE_SETENV 1
| #define HAVE_GETPGID 1
| #define HAVE_SETPGID 1
| #define HAVE_SETSID 1
| #define HAVE_SIGALTSTACK 1
| #define HAVE_SIGSTACK 1
| #define HAVE_SIGSET 1
| #define HAVE_SIGACTION 1
| #define HAVE_SIGPROCMASK 1
| #define HAVE_STRCASECMP 1
| #define HAVE_STRCOLL 1
| #define HAVE_STRERROR 1
| #define HAVE_STRFTIME 1
| #define HAVE_STRNCASECMP 1
| /* end confdefs.h.  */
| /* Define strnicmp to an innocuous variant, in case <limits.h> declares strnicmp.
|    For example, HP-UX 11i <limits.h> declares gettimeofday.  */
| #define strnicmp innocuous_strnicmp
| 
| /* System header to define __stub macros and hopefully few prototypes,
|    which can conflict with char strnicmp (void); below.  */
| 
| #include <limits.h>
| #undef strnicmp
| 
| /* Override any GCC internal prototype to avoid an error.
|    Use char because int might match the return type of a GCC
|    builtin and then its argument prototype would still apply.  */
| #ifdef __cplusplus
| extern "C"
| #endif
| char strnicmp (void);
| /* The GNU C library defines this for functions which it implements
|     to always fail with ENOSYS.  Some functions are actually named
|     something starting with __ and the normal name is an alias.  */
| #if defined __stub_strnicmp || defined __stub___strnicmp
| choke me
| #endif
| 
| int
| main (void)
| {
| return strnicmp ();
|   ;
|   return 0;
| }
configure:14212: result: no
configure:14218: checking for strpbrk
configure:14218: gcc -o conftest -g -O2   -L/usr/local/lib conftest.c -ltinfo  >&5
conftest.c:129:6: warning: conflicting types for built-in function 'strpbrk'; expected 'char *(const char *, const char *)' [-Wbuiltin-declaration-mismatch]
  129 | char strpbrk (void);
      |      ^~~~~~~
conftest.c:121:1: note: 'strpbrk' is declared in header '<string.h>'
  120 | #include <limits.h>
  121 | #undef strpbrk
configure:14218: $? = 0
configure:14218: result: yes
configure:14224: checking for strptime
configure:14224: gcc -o conftest -g -O2   -L/usr/local/lib conftest.c -ltinfo  >&5
configure:14224: $? = 0
configure:14224: result: yes
configure:14230: checking for strtol
configure:14230: gcc -o conftest -g -O2   -L/usr/local/lib conftest.c -ltinfo  >&5
configure:14230: $? = 0
configure:14230: result: yes
configure:14236: checking for tgetent
configure:14236: gcc -o conftest -g -O2   -L/usr/local/lib conftest.c -ltinfo  >&5
configure:14236: $? = 0
configure:14236: result: yes
configure:14242: checking for towlower
configure:14242: gcc -o conftest -g -O2   -L/usr/local/lib conftest.c -ltinfo  >&5
conftest.c:133:6: warning: conflicting types for built-in function 'towlower'; expected 'unsigned int(unsigned int)' [-Wbuiltin-declaration-mismatch]
  133 | char towlower (void);
      |      ^~~~~~~~
conftest.c:125:1: note: 'towlower' is declared in header '<wctype.h>'
  124 | #include <limits.h>
  125 | #undef towlower
configure:14242: $? = 0
configure:14242: result: yes
configure:14248: checking for towupper
configure:14248: gcc -o conftest -g -O2   -L/usr/local/lib conftest.c -ltinfo  >&5
conftest.c:134:6: warning: conflicting types for built-in function 'towupper'; expected 'unsigned int(unsigned int)' [-Wbuiltin-declaration-mismatch]
  134 | char towupper (void);
      |      ^~~~~~~~
conftest.c:126:1: note: 'towupper' is declared in header '<wctype.h>'
  125 | #include <limits.h>
  126 | #undef towupper
configure:14248: $? = 0
configure:14248: result: yes
configure:14254: checking for iswupper
configure:14254: gcc -o conftest -g -O2   -L/usr/local/lib conftest.c -ltinfo  >&5
conftest.c:135:6: warning: conflicting types for built-in function 'iswupper'; expected 'int(unsigned int)' [-Wbuiltin-declaration-mismatch]
  135 | char iswupper (void);
      |      ^~~~~~~~
conftest.c:127:1: note: 'iswupper' is declared in header '<wctype.h>'
  126 | #include <limits.h>
  127 | #undef iswupper
configure:14254: $? = 0
configure:14254: result: yes
configure:14260: checking for tzset
configure:14260: gcc -o conftest -g -O2   -L/usr/local/lib conftest.c -ltinfo  >&5
configure:14260: $? = 0
configure:14260: result: yes
configure:14266: checking for usleep
configure:14266: gcc -o conftest -g -O2   -L/usr/local/lib conftest.c -ltinfo  >&5
configure:14266: $? = 0
configure:14266: result: yes
configure:14272: checking for utime
configure:14272: gcc -o conftest -g -O2   -L/usr/local/lib conftest.c -ltinfo  >&5
configure:14272: $? = 0
configure:14272: result: yes
configure:14278: checking for utimes
configure:14278: gcc -o conftest -g -O2   -L/usr/local/lib conftest.c -ltinfo  >&5
configure:14278: $? = 0
configure:14278: result: yes
configure:14284: checking for mblen
configure:14284: gcc -o conftest -g -O2   -L/usr/local/lib conftest.c -ltinfo  >&5
configure:14284: $? = 0
configure:14284: result: yes
configure:14290: checking for ftruncate
configure:14290: gcc -o conftest -g -O2   -L/usr/local/lib conftest.c -ltinfo  >&5
configure:14290: $? = 0
configure:14290: result: yes
configure:14296: checking for unsetenv
configure:14296: gcc -o conftest -g -O2   -L/usr/local/lib conftest.c -ltinfo  >&5
configure:14296: $? = 0
configure:14296: result: yes
configure:14302: checking for posix_openpt
configure:14302: gcc -o conftest -g -O2   -L/usr/local/lib conftest.c -ltinfo  >&5
configure:14302: $? = 0
configure:14302: result: yes
configure:14308: checking for clock_gettime
configure:14308: gcc -o conftest -g -O2   -L/usr/local/lib conftest.c -ltinfo  >&5
configure:14308: $? = 0
configure:14308: result: yes
configure:14314: checking for sync
configure:14314: gcc -o conftest -g -O2   -L/usr/local/lib conftest.c -ltinfo  >&5
configure:14314: $? = 0
configure:14314: result: yes
configure:14324: checking types of arguments for select
configure:14354: gcc -c -g -O2  conftest.c >&5
configure:14354: $? = 0
configure:14365: result: int,fd_set *,struct timeval *
configure:14382: checking for declarations of fseeko and ftello
configure:14415: gcc -c -g -O2  conftest.c >&5
configure:14415: $? = 0
configure:14461: result: yes
configure:14484: checking for  option for large files
configure:14519: gcc -c -g -O2  conftest.c >&5
configure:14519: $? = 0
configure:14525: gcc -c -g -O2  -DFTYPE=ino_t conftest.c >&5
configure:14525: $? = 0
configure:14550: result: none needed
configure:14651: checking --enable-canberra argument
configure:14669: result: Defaulting to no
configure:14735: checking --enable-libsodium argument
configure:14758: result: no
configure:14808: checking for st_blksize
configure:14826: gcc -c -g -O2  conftest.c >&5
configure:14826: $? = 0
configure:14828: result: yes
configure:14838: checking for timer_create without -lrt
configure:14860: gcc -c -g -O2  conftest.c >&5
configure:14860: $? = 0
configure:14871: result: yes
configure:14924: checking if timer_create works
configure:14966: gcc -o conftest -g -O2   -L/usr/local/lib conftest.c -ltinfo  >&5
configure:14966: $? = 0
configure:14966: ./conftest
configure:14966: $? = 0
configure:14980: result: yes
configure:14991: checking whether stat() ignores a trailing slash
configure:15019: gcc -o conftest -g -O2   -L/usr/local/lib conftest.c -ltinfo  >&5
configure:15019: $? = 0
configure:15019: ./conftest
configure:15019: $? = 1
configure: program exited with status 1
configure: failed program was:
| /* confdefs.h */
| #define PACKAGE_NAME ""
| #define PACKAGE_TARNAME ""
| #define PACKAGE_VERSION ""
| #define PACKAGE_STRING ""
| #define PACKAGE_BUGREPORT ""
| #define PACKAGE_URL ""
| #define UNIX 1
| #define HAVE_SYS_WAIT_H 1
| #define HAVE_STDIO_H 1
| #define HAVE_STDLIB_H 1
| #define HAVE_STRING_H 1
| #define HAVE_INTTYPES_H 1
| #define HAVE_STDINT_H 1
| #define HAVE_STRINGS_H 1
| #define HAVE_SYS_STAT_H 1
| #define HAVE_SYS_TYPES_H 1
| #define HAVE_UNISTD_H 1
| #define HAVE_SYS_TIME_H 1
| #define HAVE_SYS_SELECT_H 1
| #define HAVE_SYS_SOCKET_H 1
| #define STDC_HEADERS 1
| #define RUNTIME_GLOBAL "/usr/share/bx/vim"
| #define RUNTIME_GLOBAL_AFTER "/usr/share/bx/vim/after"
| #define MODIFIED_BY "bx"
| #define FEAT_NORMAL 1
| #define FEAT_DIFF 1
| #define ENABLE_CSCOPE 1
| #define HAVE_SHM_OPEN 1
| #define PROC_EXE_LINK "/proc/self/exe"
| #define HAVE_DATE_TIME 1
| #define HAVE_ATTRIBUTE_UNUSED 1
| #define HAVE_DIRENT_H 1
| #define HAVE_SYS_WAIT_H 1
| #define HAVE_WAITPID 1
| #define HAVE_STDINT_H 1
| #define HAVE_STDLIB_H 1
| #define HAVE_STRING_H 1
| #define HAVE_SYS_SELECT_H 1
| #define HAVE_SYS_UTSNAME_H 1
| #define HAVE_TERMCAP_H 1
| #define HAVE_FCNTL_H 1
| #define HAVE_SGTTY_H 1
| #define HAVE_SYS_IOCTL_H 1
| #define HAVE_SYS_TIME_H 1
| #define HAVE_SYS_TYPES_H 1
| #define HAVE_TERMIO_H 1
| #define HAVE_ICONV_H 1
| #define HAVE_INTTYPES_H 1
| #define HAVE_LANGINFO_H 1
| #define HAVE_MATH_H 1
| #define HAVE_UNISTD_H 1
| #define HAVE_ERRNO_H 1
| #define HAVE_SYS_RESOURCE_H 1
| #define HAVE_LOCALE_H 1
| #define HAVE_TERMIOS_H 1
| #define HAVE_SYS_STATFS_H 1
| #define HAVE_POLL_H 1
| #define HAVE_SYS_POLL_H 1
| #define HAVE_PWD_H 1
| #define HAVE_UTIME_H 1
| #define HAVE_SYS_PARAM_H 1
| #define HAVE_LIBINTL_H 1
| #define HAVE_LIBGEN_H 1
| #define HAVE_SYS_ACL_H 1
| #define HAVE_SYS_SYSINFO_H 1
| #define HAVE_WCHAR_H 1
| #define HAVE_WCTYPE_H 1
| #define HAVE_STRINGS_H 1
| #define HAVE_LIBTINFO 1
| #define TERMINFO 1
| #define HAVE_OSPEED 1
| #define HAVE_UP_BC_PC 1
| #define HAVE_DEL_CURTERM 1
| #define SYS_SELECT_WITH_SYS_TIME 1
| #define HAVE_SVR4_PTYS 1
| #define HAVE_SIGCONTEXT 1
| #define HAVE_FCHDIR 1
| #define HAVE_FCHOWN 1
| #define HAVE_FCHMOD 1
| #define HAVE_FSYNC 1
| #define HAVE_GETCWD 1
| #define HAVE_GETPWENT 1
| #define HAVE_GETPWNAM 1
| #define HAVE_GETPWUID 1
| #define HAVE_GETRLIMIT 1
| #define HAVE_GETTIMEOFDAY 1
| #define HAVE_LOCALTIME_R 1
| #define HAVE_LSTAT 1
| #define HAVE_MEMSET 1
| #define HAVE_MKDTEMP 1
| #define HAVE_NANOSLEEP 1
| #define HAVE_OPENDIR 1
| #define HAVE_PUTENV 1
| #define HAVE_QSORT 1
| #define HAVE_READLINK 1
| #define HAVE_SELECT 1
| #define HAVE_SETENV 1
| #define HAVE_GETPGID 1
| #define HAVE_SETPGID 1
| #define HAVE_SETSID 1
| #define HAVE_SIGALTSTACK 1
| #define HAVE_SIGSTACK 1
| #define HAVE_SIGSET 1
| #define HAVE_SIGACTION 1
| #define HAVE_SIGPROCMASK 1
| #define HAVE_STRCASECMP 1
| #define HAVE_STRCOLL 1
| #define HAVE_STRERROR 1
| #define HAVE_STRFTIME 1
| #define HAVE_STRNCASECMP 1
| #define HAVE_STRPBRK 1
| #define HAVE_STRPTIME 1
| #define HAVE_STRTOL 1
| #define HAVE_TGETENT 1
| #define HAVE_TOWLOWER 1
| #define HAVE_TOWUPPER 1
| #define HAVE_ISWUPPER 1
| #define HAVE_TZSET 1
| #define HAVE_USLEEP 1
| #define HAVE_UTIME 1
| #define HAVE_UTIMES 1
| #define HAVE_MBLEN 1
| #define HAVE_FTRUNCATE 1
| #define HAVE_UNSETENV 1
| #define HAVE_POSIX_OPENPT 1
| #define HAVE_CLOCK_GETTIME 1
| #define HAVE_SYNC 1
| #define SELECT_TYPE_ARG1 int
| #define SELECT_TYPE_ARG234 (fd_set *)
| #define SELECT_TYPE_ARG5 (struct timeval *)
| #define HAVE_FSEEKO 1
| #define HAVE_ST_BLKSIZE 1
| #define HAVE_TIMER_CREATE 1
| /* end confdefs.h.  */
| 
| #include "confdefs.h"
| #if STDC_HEADERS
| # include <stdlib.h>
| # include <stddef.h>
| #endif
| #include <sys/types.h>
| #include <sys/stat.h>
| int main() {struct stat st;  exit(stat("configure/", &st) != 0); }
| 
configure:15038: result: no
configure:15046: checking for nanoseconds field of struct stat
configure:15075: gcc -c -g -O2  -DST_MTIM_NSEC=st_mtim.tv_nsec conftest.c >&5
configure:15075: $? = 0
configure:15085: result: st_mtim.tv_nsec
configure:15093: checking for iconv_open()
configure:15112: gcc -o conftest -g -O2   -L/usr/local/lib conftest.c -ltinfo  -liconv >&5
/usr/lib/gcc/x86_64-pc-linux-gnu/15.2.1/../../../../x86_64-pc-linux-gnu/bin/ld: cannot find -liconv: No such file or directory
collect2: error: ld returned 1 exit status
configure:15112: $? = 1
configure: failed program was:
| /* confdefs.h */
| #define PACKAGE_NAME ""
| #define PACKAGE_TARNAME ""
| #define PACKAGE_VERSION ""
| #define PACKAGE_STRING ""
| #define PACKAGE_BUGREPORT ""
| #define PACKAGE_URL ""
| #define UNIX 1
| #define HAVE_SYS_WAIT_H 1
| #define HAVE_STDIO_H 1
| #define HAVE_STDLIB_H 1
| #define HAVE_STRING_H 1
| #define HAVE_INTTYPES_H 1
| #define HAVE_STDINT_H 1
| #define HAVE_STRINGS_H 1
| #define HAVE_SYS_STAT_H 1
| #define HAVE_SYS_TYPES_H 1
| #define HAVE_UNISTD_H 1
| #define HAVE_SYS_TIME_H 1
| #define HAVE_SYS_SELECT_H 1
| #define HAVE_SYS_SOCKET_H 1
| #define STDC_HEADERS 1
| #define RUNTIME_GLOBAL "/usr/share/bx/vim"
| #define RUNTIME_GLOBAL_AFTER "/usr/share/bx/vim/after"
| #define MODIFIED_BY "bx"
| #define FEAT_NORMAL 1
| #define FEAT_DIFF 1
| #define ENABLE_CSCOPE 1
| #define HAVE_SHM_OPEN 1
| #define PROC_EXE_LINK "/proc/self/exe"
| #define HAVE_DATE_TIME 1
| #define HAVE_ATTRIBUTE_UNUSED 1
| #define HAVE_DIRENT_H 1
| #define HAVE_SYS_WAIT_H 1
| #define HAVE_WAITPID 1
| #define HAVE_STDINT_H 1
| #define HAVE_STDLIB_H 1
| #define HAVE_STRING_H 1
| #define HAVE_SYS_SELECT_H 1
| #define HAVE_SYS_UTSNAME_H 1
| #define HAVE_TERMCAP_H 1
| #define HAVE_FCNTL_H 1
| #define HAVE_SGTTY_H 1
| #define HAVE_SYS_IOCTL_H 1
| #define HAVE_SYS_TIME_H 1
| #define HAVE_SYS_TYPES_H 1
| #define HAVE_TERMIO_H 1
| #define HAVE_ICONV_H 1
| #define HAVE_INTTYPES_H 1
| #define HAVE_LANGINFO_H 1
| #define HAVE_MATH_H 1
| #define HAVE_UNISTD_H 1
| #define HAVE_ERRNO_H 1
| #define HAVE_SYS_RESOURCE_H 1
| #define HAVE_LOCALE_H 1
| #define HAVE_TERMIOS_H 1
| #define HAVE_SYS_STATFS_H 1
| #define HAVE_POLL_H 1
| #define HAVE_SYS_POLL_H 1
| #define HAVE_PWD_H 1
| #define HAVE_UTIME_H 1
| #define HAVE_SYS_PARAM_H 1
| #define HAVE_LIBINTL_H 1
| #define HAVE_LIBGEN_H 1
| #define HAVE_SYS_ACL_H 1
| #define HAVE_SYS_SYSINFO_H 1
| #define HAVE_WCHAR_H 1
| #define HAVE_WCTYPE_H 1
| #define HAVE_STRINGS_H 1
| #define HAVE_LIBTINFO 1
| #define TERMINFO 1
| #define HAVE_OSPEED 1
| #define HAVE_UP_BC_PC 1
| #define HAVE_DEL_CURTERM 1
| #define SYS_SELECT_WITH_SYS_TIME 1
| #define HAVE_SVR4_PTYS 1
| #define HAVE_SIGCONTEXT 1
| #define HAVE_FCHDIR 1
| #define HAVE_FCHOWN 1
| #define HAVE_FCHMOD 1
| #define HAVE_FSYNC 1
| #define HAVE_GETCWD 1
| #define HAVE_GETPWENT 1
| #define HAVE_GETPWNAM 1
| #define HAVE_GETPWUID 1
| #define HAVE_GETRLIMIT 1
| #define HAVE_GETTIMEOFDAY 1
| #define HAVE_LOCALTIME_R 1
| #define HAVE_LSTAT 1
| #define HAVE_MEMSET 1
| #define HAVE_MKDTEMP 1
| #define HAVE_NANOSLEEP 1
| #define HAVE_OPENDIR 1
| #define HAVE_PUTENV 1
| #define HAVE_QSORT 1
| #define HAVE_READLINK 1
| #define HAVE_SELECT 1
| #define HAVE_SETENV 1
| #define HAVE_GETPGID 1
| #define HAVE_SETPGID 1
| #define HAVE_SETSID 1
| #define HAVE_SIGALTSTACK 1
| #define HAVE_SIGSTACK 1
| #define HAVE_SIGSET 1
| #define HAVE_SIGACTION 1
| #define HAVE_SIGPROCMASK 1
| #define HAVE_STRCASECMP 1
| #define HAVE_STRCOLL 1
| #define HAVE_STRERROR 1
| #define HAVE_STRFTIME 1
| #define HAVE_STRNCASECMP 1
| #define HAVE_STRPBRK 1
| #define HAVE_STRPTIME 1
| #define HAVE_STRTOL 1
| #define HAVE_TGETENT 1
| #define HAVE_TOWLOWER 1
| #define HAVE_TOWUPPER 1
| #define HAVE_ISWUPPER 1
| #define HAVE_TZSET 1
| #define HAVE_USLEEP 1
| #define HAVE_UTIME 1
| #define HAVE_UTIMES 1
| #define HAVE_MBLEN 1
| #define HAVE_FTRUNCATE 1
| #define HAVE_UNSETENV 1
| #define HAVE_POSIX_OPENPT 1
| #define HAVE_CLOCK_GETTIME 1
| #define HAVE_SYNC 1
| #define SELECT_TYPE_ARG1 int
| #define SELECT_TYPE_ARG234 (fd_set *)
| #define SELECT_TYPE_ARG5 (struct timeval *)
| #define HAVE_FSEEKO 1
| #define HAVE_ST_BLKSIZE 1
| #define HAVE_TIMER_CREATE 1
| #define ST_MTIM_NSEC st_mtim.tv_nsec
| /* end confdefs.h.  */
| 
| #ifdef HAVE_ICONV_H
| # include <iconv.h>
| #endif
| 
| int
| main (void)
| {
| iconv_open("fr", "to");
|   ;
|   return 0;
| }
configure:15134: gcc -o conftest -g -O2   -L/usr/local/lib conftest.c -ltinfo  >&5
configure:15134: $? = 0
configure:15136: result: yes
configure:15152: checking for nl_langinfo(CODESET)
configure:15169: gcc -o conftest -g -O2   -L/usr/local/lib conftest.c -ltinfo  >&5
configure:15169: $? = 0
configure:15171: result: yes
configure:15182: checking for strtod in -lm
configure:15211: gcc -o conftest -g -O2   -L/usr/local/lib conftest.c -lm  -ltinfo  >&5
configure:15211: $? = 0
configure:15223: result: yes
configure:15234: checking for isinf()
configure:15255: gcc -o conftest -g -O2   -L/usr/local/lib conftest.c -lm -ltinfo  >&5
configure:15255: $? = 0
configure:15257: result: yes
configure:15268: checking for isnan()
configure:15289: gcc -o conftest -g -O2   -L/usr/local/lib conftest.c -lm -ltinfo  >&5
configure:15289: $? = 0
configure:15291: result: yes
configure:15302: checking --disable-acl argument
configure:15622: result: yes
configure:15663: checking --enable-gpm argument
configure:15723: result: no
configure:15727: checking --disable-sysmouse argument
configure:15740: result: no
configure:15742: checking for sysmouse
configure:15765: gcc -o conftest -g -O2   -L/usr/local/lib conftest.c -lm -ltinfo  >&5
conftest.c:142:10: fatal error: sys/consio.h: No such file or directory
  142 | #include <sys/consio.h>
      |          ^~~~~~~~~~~~~~
compilation terminated.
configure:15765: $? = 1
configure: failed program was:
| /* confdefs.h */
| #define PACKAGE_NAME ""
| #define PACKAGE_TARNAME ""
| #define PACKAGE_VERSION ""
| #define PACKAGE_STRING ""
| #define PACKAGE_BUGREPORT ""
| #define PACKAGE_URL ""
| #define UNIX 1
| #define HAVE_SYS_WAIT_H 1
| #define HAVE_STDIO_H 1
| #define HAVE_STDLIB_H 1
| #define HAVE_STRING_H 1
| #define HAVE_INTTYPES_H 1
| #define HAVE_STDINT_H 1
| #define HAVE_STRINGS_H 1
| #define HAVE_SYS_STAT_H 1
| #define HAVE_SYS_TYPES_H 1
| #define HAVE_UNISTD_H 1
| #define HAVE_SYS_TIME_H 1
| #define HAVE_SYS_SELECT_H 1
| #define HAVE_SYS_SOCKET_H 1
| #define STDC_HEADERS 1
| #define RUNTIME_GLOBAL "/usr/share/bx/vim"
| #define RUNTIME_GLOBAL_AFTER "/usr/share/bx/vim/after"
| #define MODIFIED_BY "bx"
| #define FEAT_NORMAL 1
| #define FEAT_DIFF 1
| #define ENABLE_CSCOPE 1
| #define HAVE_SHM_OPEN 1
| #define PROC_EXE_LINK "/proc/self/exe"
| #define HAVE_DATE_TIME 1
| #define HAVE_ATTRIBUTE_UNUSED 1
| #define HAVE_DIRENT_H 1
| #define HAVE_SYS_WAIT_H 1
| #define HAVE_WAITPID 1
| #define HAVE_STDINT_H 1
| #define HAVE_STDLIB_H 1
| #define HAVE_STRING_H 1
| #define HAVE_SYS_SELECT_H 1
| #define HAVE_SYS_UTSNAME_H 1
| #define HAVE_TERMCAP_H 1
| #define HAVE_FCNTL_H 1
| #define HAVE_SGTTY_H 1
| #define HAVE_SYS_IOCTL_H 1
| #define HAVE_SYS_TIME_H 1
| #define HAVE_SYS_TYPES_H 1
| #define HAVE_TERMIO_H 1
| #define HAVE_ICONV_H 1
| #define HAVE_INTTYPES_H 1
| #define HAVE_LANGINFO_H 1
| #define HAVE_MATH_H 1
| #define HAVE_UNISTD_H 1
| #define HAVE_ERRNO_H 1
| #define HAVE_SYS_RESOURCE_H 1
| #define HAVE_LOCALE_H 1
| #define HAVE_TERMIOS_H 1
| #define HAVE_SYS_STATFS_H 1
| #define HAVE_POLL_H 1
| #define HAVE_SYS_POLL_H 1
| #define HAVE_PWD_H 1
| #define HAVE_UTIME_H 1
| #define HAVE_SYS_PARAM_H 1
| #define HAVE_LIBINTL_H 1
| #define HAVE_LIBGEN_H 1
| #define HAVE_SYS_ACL_H 1
| #define HAVE_SYS_SYSINFO_H 1
| #define HAVE_WCHAR_H 1
| #define HAVE_WCTYPE_H 1
| #define HAVE_STRINGS_H 1
| #define HAVE_LIBTINFO 1
| #define TERMINFO 1
| #define HAVE_OSPEED 1
| #define HAVE_UP_BC_PC 1
| #define HAVE_DEL_CURTERM 1
| #define SYS_SELECT_WITH_SYS_TIME 1
| #define HAVE_SVR4_PTYS 1
| #define HAVE_SIGCONTEXT 1
| #define HAVE_FCHDIR 1
| #define HAVE_FCHOWN 1
| #define HAVE_FCHMOD 1
| #define HAVE_FSYNC 1
| #define HAVE_GETCWD 1
| #define HAVE_GETPWENT 1
| #define HAVE_GETPWNAM 1
| #define HAVE_GETPWUID 1
| #define HAVE_GETRLIMIT 1
| #define HAVE_GETTIMEOFDAY 1
| #define HAVE_LOCALTIME_R 1
| #define HAVE_LSTAT 1
| #define HAVE_MEMSET 1
| #define HAVE_MKDTEMP 1
| #define HAVE_NANOSLEEP 1
| #define HAVE_OPENDIR 1
| #define HAVE_PUTENV 1
| #define HAVE_QSORT 1
| #define HAVE_READLINK 1
| #define HAVE_SELECT 1
| #define HAVE_SETENV 1
| #define HAVE_GETPGID 1
| #define HAVE_SETPGID 1
| #define HAVE_SETSID 1
| #define HAVE_SIGALTSTACK 1
| #define HAVE_SIGSTACK 1
| #define HAVE_SIGSET 1
| #define HAVE_SIGACTION 1
| #define HAVE_SIGPROCMASK 1
| #define HAVE_STRCASECMP 1
| #define HAVE_STRCOLL 1
| #define HAVE_STRERROR 1
| #define HAVE_STRFTIME 1
| #define HAVE_STRNCASECMP 1
| #define HAVE_STRPBRK 1
| #define HAVE_STRPTIME 1
| #define HAVE_STRTOL 1
| #define HAVE_TGETENT 1
| #define HAVE_TOWLOWER 1
| #define HAVE_TOWUPPER 1
| #define HAVE_ISWUPPER 1
| #define HAVE_TZSET 1
| #define HAVE_USLEEP 1
| #define HAVE_UTIME 1
| #define HAVE_UTIMES 1
| #define HAVE_MBLEN 1
| #define HAVE_FTRUNCATE 1
| #define HAVE_UNSETENV 1
| #define HAVE_POSIX_OPENPT 1
| #define HAVE_CLOCK_GETTIME 1
| #define HAVE_SYNC 1
| #define SELECT_TYPE_ARG1 int
| #define SELECT_TYPE_ARG234 (fd_set *)
| #define SELECT_TYPE_ARG5 (struct timeval *)
| #define HAVE_FSEEKO 1
| #define HAVE_ST_BLKSIZE 1
| #define HAVE_TIMER_CREATE 1
| #define ST_MTIM_NSEC st_mtim.tv_nsec
| #define HAVE_ICONV 1
| #define HAVE_NL_LANGINFO_CODESET 1
| #define HAVE_LIBM 1
| #define HAVE_ISINF 1
| #define HAVE_ISNAN 1
| /* end confdefs.h.  */
| #include <sys/consio.h>
| 	     #include <signal.h>
| 	     #include <sys/fbio.h>
| int
| main (void)
| {
| struct mouse_info   mouse;
| 	     mouse.operation = MOUSE_MODE;
| 	     mouse.operation = MOUSE_SHOW;
| 	     mouse.u.mode.mode = 0;
| 	     mouse.u.mode.signal = SIGUSR2;
|   ;
|   return 0;
| }
configure:15777: result: no
configure:15788: checking for FD_CLOEXEC
configure:15803: gcc -c -g -O2  conftest.c >&5
configure:15803: $? = 0
configure:15805: result: yes
configure:15815: checking for rename
configure:15828: gcc -o conftest -g -O2   -L/usr/local/lib conftest.c -lm -ltinfo  >&5
configure:15828: $? = 0
configure:15830: result: yes
configure:15841: checking for dirfd
configure:15855: gcc -o conftest -g -O2   -L/usr/local/lib conftest.c -lm -ltinfo  >&5
configure:15855: $? = 0
configure:15857: result: yes
configure:15868: checking for flock
configure:15881: gcc -o conftest -g -O2   -L/usr/local/lib conftest.c -lm -ltinfo  >&5
configure:15881: $? = 0
configure:15883: result: yes
configure:15894: checking for sysctl
configure:15915: gcc -c -g -O2  conftest.c >&5
conftest.c:147:10: fatal error: sys/sysctl.h: No such file or directory
  147 | #include <sys/sysctl.h>
      |          ^~~~~~~~~~~~~~
compilation terminated.
configure:15915: $? = 1
configure: failed program was:
| /* confdefs.h */
| #define PACKAGE_NAME ""
| #define PACKAGE_TARNAME ""
| #define PACKAGE_VERSION ""
| #define PACKAGE_STRING ""
| #define PACKAGE_BUGREPORT ""
| #define PACKAGE_URL ""
| #define UNIX 1
| #define HAVE_SYS_WAIT_H 1
| #define HAVE_STDIO_H 1
| #define HAVE_STDLIB_H 1
| #define HAVE_STRING_H 1
| #define HAVE_INTTYPES_H 1
| #define HAVE_STDINT_H 1
| #define HAVE_STRINGS_H 1
| #define HAVE_SYS_STAT_H 1
| #define HAVE_SYS_TYPES_H 1
| #define HAVE_UNISTD_H 1
| #define HAVE_SYS_TIME_H 1
| #define HAVE_SYS_SELECT_H 1
| #define HAVE_SYS_SOCKET_H 1
| #define STDC_HEADERS 1
| #define RUNTIME_GLOBAL "/usr/share/bx/vim"
| #define RUNTIME_GLOBAL_AFTER "/usr/share/bx/vim/after"
| #define MODIFIED_BY "bx"
| #define FEAT_NORMAL 1
| #define FEAT_DIFF 1
| #define ENABLE_CSCOPE 1
| #define HAVE_SHM_OPEN 1
| #define PROC_EXE_LINK "/proc/self/exe"
| #define HAVE_DATE_TIME 1
| #define HAVE_ATTRIBUTE_UNUSED 1
| #define HAVE_DIRENT_H 1
| #define HAVE_SYS_WAIT_H 1
| #define HAVE_WAITPID 1
| #define HAVE_STDINT_H 1
| #define HAVE_STDLIB_H 1
| #define HAVE_STRING_H 1
| #define HAVE_SYS_SELECT_H 1
| #define HAVE_SYS_UTSNAME_H 1
| #define HAVE_TERMCAP_H 1
| #define HAVE_FCNTL_H 1
| #define HAVE_SGTTY_H 1
| #define HAVE_SYS_IOCTL_H 1
| #define HAVE_SYS_TIME_H 1
| #define HAVE_SYS_TYPES_H 1
| #define HAVE_TERMIO_H 1
| #define HAVE_ICONV_H 1
| #define HAVE_INTTYPES_H 1
| #define HAVE_LANGINFO_H 1
| #define HAVE_MATH_H 1
| #define HAVE_UNISTD_H 1
| #define HAVE_ERRNO_H 1
| #define HAVE_SYS_RESOURCE_H 1
| #define HAVE_LOCALE_H 1
| #define HAVE_TERMIOS_H 1
| #define HAVE_SYS_STATFS_H 1
| #define HAVE_POLL_H 1
| #define HAVE_SYS_POLL_H 1
| #define HAVE_PWD_H 1
| #define HAVE_UTIME_H 1
| #define HAVE_SYS_PARAM_H 1
| #define HAVE_LIBINTL_H 1
| #define HAVE_LIBGEN_H 1
| #define HAVE_SYS_ACL_H 1
| #define HAVE_SYS_SYSINFO_H 1
| #define HAVE_WCHAR_H 1
| #define HAVE_WCTYPE_H 1
| #define HAVE_STRINGS_H 1
| #define HAVE_LIBTINFO 1
| #define TERMINFO 1
| #define HAVE_OSPEED 1
| #define HAVE_UP_BC_PC 1
| #define HAVE_DEL_CURTERM 1
| #define SYS_SELECT_WITH_SYS_TIME 1
| #define HAVE_SVR4_PTYS 1
| #define HAVE_SIGCONTEXT 1
| #define HAVE_FCHDIR 1
| #define HAVE_FCHOWN 1
| #define HAVE_FCHMOD 1
| #define HAVE_FSYNC 1
| #define HAVE_GETCWD 1
| #define HAVE_GETPWENT 1
| #define HAVE_GETPWNAM 1
| #define HAVE_GETPWUID 1
| #define HAVE_GETRLIMIT 1
| #define HAVE_GETTIMEOFDAY 1
| #define HAVE_LOCALTIME_R 1
| #define HAVE_LSTAT 1
| #define HAVE_MEMSET 1
| #define HAVE_MKDTEMP 1
| #define HAVE_NANOSLEEP 1
| #define HAVE_OPENDIR 1
| #define HAVE_PUTENV 1
| #define HAVE_QSORT 1
| #define HAVE_READLINK 1
| #define HAVE_SELECT 1
| #define HAVE_SETENV 1
| #define HAVE_GETPGID 1
| #define HAVE_SETPGID 1
| #define HAVE_SETSID 1
| #define HAVE_SIGALTSTACK 1
| #define HAVE_SIGSTACK 1
| #define HAVE_SIGSET 1
| #define HAVE_SIGACTION 1
| #define HAVE_SIGPROCMASK 1
| #define HAVE_STRCASECMP 1
| #define HAVE_STRCOLL 1
| #define HAVE_STRERROR 1
| #define HAVE_STRFTIME 1
| #define HAVE_STRNCASECMP 1
| #define HAVE_STRPBRK 1
| #define HAVE_STRPTIME 1
| #define HAVE_STRTOL 1
| #define HAVE_TGETENT 1
| #define HAVE_TOWLOWER 1
| #define HAVE_TOWUPPER 1
| #define HAVE_ISWUPPER 1
| #define HAVE_TZSET 1
| #define HAVE_USLEEP 1
| #define HAVE_UTIME 1
| #define HAVE_UTIMES 1
| #define HAVE_MBLEN 1
| #define HAVE_FTRUNCATE 1
| #define HAVE_UNSETENV 1
| #define HAVE_POSIX_OPENPT 1
| #define HAVE_CLOCK_GETTIME 1
| #define HAVE_SYNC 1
| #define SELECT_TYPE_ARG1 int
| #define SELECT_TYPE_ARG234 (fd_set *)
| #define SELECT_TYPE_ARG5 (struct timeval *)
| #define HAVE_FSEEKO 1
| #define HAVE_ST_BLKSIZE 1
| #define HAVE_TIMER_CREATE 1
| #define ST_MTIM_NSEC st_mtim.tv_nsec
| #define HAVE_ICONV 1
| #define HAVE_NL_LANGINFO_CODESET 1
| #define HAVE_LIBM 1
| #define HAVE_ISINF 1
| #define HAVE_ISNAN 1
| #define HAVE_FD_CLOEXEC 1
| #define HAVE_RENAME 1
| #define HAVE_DIRFD 1
| #define HAVE_FLOCK 1
| /* end confdefs.h.  */
| #include <sys/types.h>
| #include <sys/sysctl.h>
| int
| main (void)
| {
| 	int mib[2], r;
| 	size_t len;
| 
| 	mib[0] = CTL_HW;
| 	mib[1] = HW_USERMEM;
| 	len = sizeof(r);
| 	(void)sysctl(mib, 2, &r, &len, (void *)0, (size_t)0);
| 
|   ;
|   return 0;
| }
configure:15921: result: not usable
configure:15927: checking for sysinfo
configure:15946: gcc -o conftest -g -O2   -L/usr/local/lib conftest.c -lm -ltinfo  >&5
configure:15946: $? = 0
configure:15948: result: yes
configure:15959: checking for sysinfo.mem_unit
configure:15975: gcc -c -g -O2  conftest.c >&5
configure:15975: $? = 0
configure:15977: result: yes
configure:15987: checking for sysinfo.uptime
configure:16006: gcc -c -g -O2  conftest.c >&5
configure:16006: $? = 0
configure:16008: result: yes
configure:16018: checking for sysconf
configure:16033: gcc -c -g -O2  conftest.c >&5
configure:16033: $? = 0
configure:16035: result: yes
configure:16045: checking for _SC_SIGSTKSZ via sysconf()
configure:16059: gcc -c -g -O2  conftest.c >&5
configure:16059: $? = 0
configure:16061: result: yes
configure:16075: checking size of int
configure:16081: gcc -o conftest -g -O2   -L/usr/local/lib conftest.c -lm -ltinfo  >&5
configure:16081: $? = 0
configure:16081: ./conftest
configure:16081: $? = 0
configure:16098: result: 4
configure:16110: checking size of long
configure:16116: gcc -o conftest -g -O2   -L/usr/local/lib conftest.c -lm -ltinfo  >&5
configure:16116: $? = 0
configure:16116: ./conftest
configure:16116: $? = 0
configure:16133: result: 8
configure:16145: checking size of time_t
configure:16151: gcc -o conftest -g -O2   -L/usr/local/lib conftest.c -lm -ltinfo  >&5
configure:16151: $? = 0
configure:16151: ./conftest
configure:16151: $? = 0
configure:16168: result: 8
configure:16180: checking size of off_t
configure:16186: gcc -o conftest -g -O2   -L/usr/local/lib conftest.c -lm -ltinfo  >&5
configure:16186: $? = 0
configure:16186: ./conftest
configure:16186: $? = 0
configure:16203: result: 8
configure:16217: checking uint32_t is 32 bits
configure:16240: gcc -o conftest -g -O2   -L/usr/local/lib conftest.c -lm -ltinfo  >&5
configure:16240: $? = 0
configure:16240: ./conftest
configure:16240: $? = 0
configure:16242: result: ok
configure:16277: checking whether memmove handles overlaps
configure:16296: gcc -o conftest -g -O2   -L/usr/local/lib conftest.c -lm -ltinfo  >&5
configure:16296: $? = 0
configure:16296: ./conftest
configure:16296: $? = 0
configure:16315: result: yes
configure:16519: checking for _xpg4_setrunelocale in -lxpg4
configure:16548: gcc -o conftest -g -O2   -L/usr/local/lib conftest.c -lxpg4  -lm -ltinfo  >&5
/usr/lib/gcc/x86_64-pc-linux-gnu/15.2.1/../../../../x86_64-pc-linux-gnu/bin/ld: cannot find -lxpg4: No such file or directory
collect2: error: ld returned 1 exit status
configure:16548: $? = 1
configure: failed program was:
| /* confdefs.h */
| #define PACKAGE_NAME ""
| #define PACKAGE_TARNAME ""
| #define PACKAGE_VERSION ""
| #define PACKAGE_STRING ""
| #define PACKAGE_BUGREPORT ""
| #define PACKAGE_URL ""
| #define UNIX 1
| #define HAVE_SYS_WAIT_H 1
| #define HAVE_STDIO_H 1
| #define HAVE_STDLIB_H 1
| #define HAVE_STRING_H 1
| #define HAVE_INTTYPES_H 1
| #define HAVE_STDINT_H 1
| #define HAVE_STRINGS_H 1
| #define HAVE_SYS_STAT_H 1
| #define HAVE_SYS_TYPES_H 1
| #define HAVE_UNISTD_H 1
| #define HAVE_SYS_TIME_H 1
| #define HAVE_SYS_SELECT_H 1
| #define HAVE_SYS_SOCKET_H 1
| #define STDC_HEADERS 1
| #define RUNTIME_GLOBAL "/usr/share/bx/vim"
| #define RUNTIME_GLOBAL_AFTER "/usr/share/bx/vim/after"
| #define MODIFIED_BY "bx"
| #define FEAT_NORMAL 1
| #define FEAT_DIFF 1
| #define ENABLE_CSCOPE 1
| #define HAVE_SHM_OPEN 1
| #define PROC_EXE_LINK "/proc/self/exe"
| #define HAVE_DATE_TIME 1
| #define HAVE_ATTRIBUTE_UNUSED 1
| #define HAVE_DIRENT_H 1
| #define HAVE_SYS_WAIT_H 1
| #define HAVE_WAITPID 1
| #define HAVE_STDINT_H 1
| #define HAVE_STDLIB_H 1
| #define HAVE_STRING_H 1
| #define HAVE_SYS_SELECT_H 1
| #define HAVE_SYS_UTSNAME_H 1
| #define HAVE_TERMCAP_H 1
| #define HAVE_FCNTL_H 1
| #define HAVE_SGTTY_H 1
| #define HAVE_SYS_IOCTL_H 1
| #define HAVE_SYS_TIME_H 1
| #define HAVE_SYS_TYPES_H 1
| #define HAVE_TERMIO_H 1
| #define HAVE_ICONV_H 1
| #define HAVE_INTTYPES_H 1
| #define HAVE_LANGINFO_H 1
| #define HAVE_MATH_H 1
| #define HAVE_UNISTD_H 1
| #define HAVE_ERRNO_H 1
| #define HAVE_SYS_RESOURCE_H 1
| #define HAVE_LOCALE_H 1
| #define HAVE_TERMIOS_H 1
| #define HAVE_SYS_STATFS_H 1
| #define HAVE_POLL_H 1
| #define HAVE_SYS_POLL_H 1
| #define HAVE_PWD_H 1
| #define HAVE_UTIME_H 1
| #define HAVE_SYS_PARAM_H 1
| #define HAVE_LIBINTL_H 1
| #define HAVE_LIBGEN_H 1
| #define HAVE_SYS_ACL_H 1
| #define HAVE_SYS_SYSINFO_H 1
| #define HAVE_WCHAR_H 1
| #define HAVE_WCTYPE_H 1
| #define HAVE_STRINGS_H 1
| #define HAVE_LIBTINFO 1
| #define TERMINFO 1
| #define HAVE_OSPEED 1
| #define HAVE_UP_BC_PC 1
| #define HAVE_DEL_CURTERM 1
| #define SYS_SELECT_WITH_SYS_TIME 1
| #define HAVE_SVR4_PTYS 1
| #define HAVE_SIGCONTEXT 1
| #define HAVE_FCHDIR 1
| #define HAVE_FCHOWN 1
| #define HAVE_FCHMOD 1
| #define HAVE_FSYNC 1
| #define HAVE_GETCWD 1
| #define HAVE_GETPWENT 1
| #define HAVE_GETPWNAM 1
| #define HAVE_GETPWUID 1
| #define HAVE_GETRLIMIT 1
| #define HAVE_GETTIMEOFDAY 1
| #define HAVE_LOCALTIME_R 1
| #define HAVE_LSTAT 1
| #define HAVE_MEMSET 1
| #define HAVE_MKDTEMP 1
| #define HAVE_NANOSLEEP 1
| #define HAVE_OPENDIR 1
| #define HAVE_PUTENV 1
| #define HAVE_QSORT 1
| #define HAVE_READLINK 1
| #define HAVE_SELECT 1
| #define HAVE_SETENV 1
| #define HAVE_GETPGID 1
| #define HAVE_SETPGID 1
| #define HAVE_SETSID 1
| #define HAVE_SIGALTSTACK 1
| #define HAVE_SIGSTACK 1
| #define HAVE_SIGSET 1
| #define HAVE_SIGACTION 1
| #define HAVE_SIGPROCMASK 1
| #define HAVE_STRCASECMP 1
| #define HAVE_STRCOLL 1
| #define HAVE_STRERROR 1
| #define HAVE_STRFTIME 1
| #define HAVE_STRNCASECMP 1
| #define HAVE_STRPBRK 1
| #define HAVE_STRPTIME 1
| #define HAVE_STRTOL 1
| #define HAVE_TGETENT 1
| #define HAVE_TOWLOWER 1
| #define HAVE_TOWUPPER 1
| #define HAVE_ISWUPPER 1
| #define HAVE_TZSET 1
| #define HAVE_USLEEP 1
| #define HAVE_UTIME 1
| #define HAVE_UTIMES 1
| #define HAVE_MBLEN 1
| #define HAVE_FTRUNCATE 1
| #define HAVE_UNSETENV 1
| #define HAVE_POSIX_OPENPT 1
| #define HAVE_CLOCK_GETTIME 1
| #define HAVE_SYNC 1
| #define SELECT_TYPE_ARG1 int
| #define SELECT_TYPE_ARG234 (fd_set *)
| #define SELECT_TYPE_ARG5 (struct timeval *)
| #define HAVE_FSEEKO 1
| #define HAVE_ST_BLKSIZE 1
| #define HAVE_TIMER_CREATE 1
| #define ST_MTIM_NSEC st_mtim.tv_nsec
| #define HAVE_ICONV 1
| #define HAVE_NL_LANGINFO_CODESET 1
| #define HAVE_LIBM 1
| #define HAVE_ISINF 1
| #define HAVE_ISNAN 1
| #define HAVE_FD_CLOEXEC 1
| #define HAVE_RENAME 1
| #define HAVE_DIRFD 1
| #define HAVE_FLOCK 1
| #define HAVE_SYSINFO 1
| #define HAVE_SYSINFO_MEM_UNIT 1
| #define HAVE_SYSINFO_UPTIME 1
| #define HAVE_SYSCONF 1
| #define HAVE_SYSCONF_SIGSTKSZ 1
| #define SIZEOF_INT 4
| #define SIZEOF_LONG 8
| #define SIZEOF_TIME_T 8
| #define SIZEOF_OFF_T 8
| #define VIM_SIZEOF_INT 4
| #define VIM_SIZEOF_LONG 8
| #define USEMEMMOVE 1
| /* end confdefs.h.  */
| 
| /* Override any GCC internal prototype to avoid an error.
|    Use char because int might match the return type of a GCC
|    builtin and then its argument prototype would still apply.
|    The 'extern "C"' is for builds by C++ compilers;
|    although this is not generally supported in C code supporting it here
|    has little cost and some practical benefit (sr 110532).  */
| #ifdef __cplusplus
| extern "C"
| #endif
| char _xpg4_setrunelocale (void);
| int
| main (void)
| {
| return _xpg4_setrunelocale ();
|   ;
|   return 0;
| }
configure:16560: result: no
configure:16568: checking how to create tags
Universal Ctags is derived from Exuberant Ctags.
Exuberant Ctags 5.8, Copyright (C) 1996-2009 Darren Hiebert
configure:16588: result: ctags -I INIT+,INIT2+,INIT3+,INIT4+,INIT5+ --fields=+S
configure:16591: checking how to run man with a section nr
man: No entry for read in section 2 of the manual.
configure:16595: result: man
configure:16602: checking --disable-nls argument
configure:16845: result: yes
configure:16849: checking for dlfcn.h
configure:16849: gcc -c -g -O2  conftest.c >&5
configure:16849: $? = 0
configure:16849: result: yes
configure:16867: checking for dlopen()
configure:16883: gcc -o conftest -g -O2   -L/usr/local/lib conftest.c -lm -ltinfo  >&5
configure:16883: $? = 0
configure:16885: result: yes
configure:16930: checking for dlsym()
configure:16946: gcc -o conftest -g -O2   -L/usr/local/lib conftest.c -lm -ltinfo  >&5
configure:16946: $? = 0
configure:16948: result: yes
configure:17061: checking for setjmp.h
configure:17061: gcc -c -g -O2  conftest.c >&5
configure:17061: $? = 0
configure:17061: result: yes
configure:17103: checking for GCC 3 or later
configure:17108: result: yes
configure:17114: checking whether we need -D_FORTIFY_SOURCE=1
configure:17119: result: yes
configure:17128: checking whether we need to force -D_FILE_OFFSET_BITS=64
configure:17136: result: no
configure:17142: checking linker --as-needed support
configure:17153: result: yes
configure:17233: updating cache auto/config.cache
configure:17289: creating auto/config.status

## ---------------------- ##
## Running config.status. ##
## ---------------------- ##

This file was extended by config.status, which was
generated by GNU Autoconf 2.72.  Invocation command line was

  CONFIG_FILES    = 
  CONFIG_HEADERS  = 
  CONFIG_LINKS    = 
  CONFIG_COMMANDS = 
  $ auto/config.status 

on bob2-oai

config.status:1054: creating auto/config.mk
config.status:1054: creating auto/config.h

## ---------------- ##
## Cache variables. ##
## ---------------- ##

ac_cv_c_bigendian=no
ac_cv_c_compiler_gnu=yes
ac_cv_c_const=yes
ac_cv_c_inline=inline
ac_cv_c_uint32_t=yes
ac_cv_c_volatile=yes
ac_cv_env_CC_set=
ac_cv_env_CC_value=
ac_cv_env_CFLAGS_set=
ac_cv_env_CFLAGS_value=
ac_cv_env_CPPFLAGS_set=
ac_cv_env_CPPFLAGS_value=
ac_cv_env_CPP_set=
ac_cv_env_CPP_value=
ac_cv_env_LDFLAGS_set=
ac_cv_env_LDFLAGS_value=
ac_cv_env_LIBS_set=
ac_cv_env_LIBS_value=
ac_cv_env_XMKMF_set=
ac_cv_env_XMKMF_value=
ac_cv_env_build_alias_set=
ac_cv_env_build_alias_value=
ac_cv_env_host_alias_set=
ac_cv_env_host_alias_value=
ac_cv_env_target_alias_set=
ac_cv_env_target_alias_value=
ac_cv_func_clock_gettime=yes
ac_cv_func_fchdir=yes
ac_cv_func_fchmod=yes
ac_cv_func_fchown=yes
ac_cv_func_fseeko_ftello=yes
ac_cv_func_fsync=yes
ac_cv_func_ftruncate=yes
ac_cv_func_getcwd=yes
ac_cv_func_getpgid=yes
ac_cv_func_getpseudotty=no
ac_cv_func_getpwent=yes
ac_cv_func_getpwnam=yes
ac_cv_func_getpwuid=yes
ac_cv_func_getrlimit=yes
ac_cv_func_gettimeofday=yes
ac_cv_func_iswupper=yes
ac_cv_func_localtime_r=yes
ac_cv_func_lstat=yes
ac_cv_func_mblen=yes
ac_cv_func_memset=yes
ac_cv_func_mkdtemp=yes
ac_cv_func_nanosleep=yes
ac_cv_func_opendir=yes
ac_cv_func_posix_openpt=yes
ac_cv_func_putenv=yes
ac_cv_func_qsort=yes
ac_cv_func_readlink=yes
ac_cv_func_select=yes
ac_cv_func_select_args='int,fd_set *,struct timeval *'
ac_cv_func_setenv=yes
ac_cv_func_setpgid=yes
ac_cv_func_setsid=yes
ac_cv_func_sigaction=yes
ac_cv_func_sigaltstack=yes
ac_cv_func_sigprocmask=yes
ac_cv_func_sigset=yes
ac_cv_func_sigsetjmp=no
ac_cv_func_sigstack=yes
ac_cv_func_sigvec=no
ac_cv_func_strcasecmp=yes
ac_cv_func_strcoll=yes
ac_cv_func_strerror=yes
ac_cv_func_strftime=yes
ac_cv_func_stricmp=no
ac_cv_func_strncasecmp=yes
ac_cv_func_strnicmp=no
ac_cv_func_strpbrk=yes
ac_cv_func_strptime=yes
ac_cv_func_strtol=yes
ac_cv_func_sync=yes
ac_cv_func_tgetent=yes
ac_cv_func_towlower=yes
ac_cv_func_towupper=yes
ac_cv_func_tzset=yes
ac_cv_func_unsetenv=yes
ac_cv_func_usleep=yes
ac_cv_func_utime=yes
ac_cv_func_utimes=yes
ac_cv_func_waitpid=yes
ac_cv_header_AvailabilityMacros_h=no
ac_cv_header_dirent_dirent_h=yes
ac_cv_header_dispatch_dispatch_h=no
ac_cv_header_dlfcn_h=yes
ac_cv_header_errno_h=yes
ac_cv_header_fcntl_h=yes
ac_cv_header_frame_h=no
ac_cv_header_iconv_h=yes
ac_cv_header_inttypes_h=yes
ac_cv_header_langinfo_h=yes
ac_cv_header_libc_h=no
ac_cv_header_libgen_h=yes
ac_cv_header_libintl_h=yes
ac_cv_header_locale_h=yes
ac_cv_header_math_h=yes
ac_cv_header_poll_h=yes
ac_cv_header_pwd_h=yes
ac_cv_header_setjmp_h=yes
ac_cv_header_sgtty_h=yes
ac_cv_header_stdint_h=yes
ac_cv_header_stdio_h=yes
ac_cv_header_stdlib_h=yes
ac_cv_header_string_h=yes
ac_cv_header_strings_h=yes
ac_cv_header_stropts_h=no
ac_cv_header_sys_access_h=no
ac_cv_header_sys_acl_h=yes
ac_cv_header_sys_ioctl_h=yes
ac_cv_header_sys_param_h=yes
ac_cv_header_sys_poll_h=yes
ac_cv_header_sys_ptem_h=no
ac_cv_header_sys_ptms_h=no
ac_cv_header_sys_resource_h=yes
ac_cv_header_sys_select_h=yes
ac_cv_header_sys_socket_h=yes
ac_cv_header_sys_stat_h=yes
ac_cv_header_sys_statfs_h=yes
ac_cv_header_sys_stream_h=no
ac_cv_header_sys_sysctl_h=no
ac_cv_header_sys_sysinfo_h=yes
ac_cv_header_sys_systeminfo_h=no
ac_cv_header_sys_time_h=yes
ac_cv_header_sys_types_h=yes
ac_cv_header_sys_utsname_h=yes
ac_cv_header_sys_wait_h=yes
ac_cv_header_termcap_h=yes
ac_cv_header_termio_h=yes
ac_cv_header_termios_h=yes
ac_cv_header_unistd_h=yes
ac_cv_header_util_debug_h=no
ac_cv_header_util_msg18n_h=no
ac_cv_header_utime_h=yes
ac_cv_header_wchar_h=yes
ac_cv_header_wctype_h=yes
ac_cv_lib_m_strtod=yes
ac_cv_lib_tinfo_tgetent=yes
ac_cv_lib_xpg4__xpg4_setrunelocale=no
ac_cv_objext=o
ac_cv_path_EGREP='/usr/bin/grep -E'
ac_cv_path_EGREP_TRADITIONAL='/usr/bin/grep -E'
ac_cv_path_FGREP='/usr/bin/grep -F'
ac_cv_path_GREP=/usr/bin/grep
ac_cv_path_ac_pt_PKG_CONFIG=/usr/bin/pkg-config
ac_cv_prog_AWK=gawk
ac_cv_prog_CPP='gcc -E'
ac_cv_prog_STRIP=strip
ac_cv_prog_ac_ct_CC=gcc
ac_cv_prog_cc_c11=
ac_cv_prog_cc_g=yes
ac_cv_prog_cc_stdc=
ac_cv_prog_make_make_set=yes
ac_cv_search_opendir='none required'
ac_cv_sizeof_int=4
ac_cv_sizeof_long=8
ac_cv_sizeof_off_t=8
ac_cv_sizeof_time_t=8
ac_cv_struct_st_mtim_nsec=st_mtim.tv_nsec
ac_cv_sys_largefile_opts='none needed'
ac_cv_type_dev_t=yes
ac_cv_type_gid_t=yes
ac_cv_type_ino_t=yes
ac_cv_type_mode_t=yes
ac_cv_type_off_t=yes
ac_cv_type_pid_t=yes
ac_cv_type_rlim_t=yes
ac_cv_type_size_t=yes
ac_cv_type_stack_t=yes
ac_cv_type_uid_t=yes
cf_cv_ebcdic=no
vi_cv_have_sysmouse=no
vim_cv_getcwd_broken=no
vim_cv_memmove_handles_overlap=yes
vim_cv_stat_ignores_slash=no
vim_cv_terminfo=yes
vim_cv_tgetent=non-zero
vim_cv_timer_create=yes
vim_cv_timer_create_with_lrt=no
vim_cv_timer_create_works=yes
vim_cv_toupper_broken=no
vim_cv_uname_m_output=x86_64
vim_cv_uname_output=Linux
vim_cv_uname_r_output=7.1.0-rc2

## ----------------- ##
## Output variables. ##
## ----------------- ##

AWK='gawk'
BUILD_DATE_MSG=''
CC='gcc'
CFLAGS='-g -O2 -D_REENTRANT -U_FORTIFY_SOURCE -D_FORTIFY_SOURCE=1'
CHANNEL_OBJ=''
CHANNEL_SRC=''
CPP='gcc -E'
CPPFLAGS=''
CPP_MM='M'
CROSS_COMPILING=''
DEFS='-DHAVE_CONFIG_H'
DEPEND_CFLAGS_FILTER='| sed '\''s+-I */+-isystem /+g'\'''
ECHO_C=''
ECHO_N='-n'
ECHO_T=''
EGREP='/usr/bin/grep -E'
EXEEXT=''
EXNAME='ex'
FGREP='/usr/bin/grep -F'
GLIB_COMPILE_RESOURCES=''
GNOME_INCLUDEDIR=''
GNOME_LIBDIR=''
GNOME_LIBS=''
GREP='/usr/bin/grep'
GRESOURCE_OBJ=''
GRESOURCE_SRC=''
GTK_CFLAGS=''
GTK_CPPFLAGS=''
GTK_LIBNAME=''
GTK_LIBS=''
GTK_UPDATE_ICON_CACHE=''
GUITYPE='NONE'
GUI_INC_LOC=''
GUI_LIB_LOC=''
GUI_X_LIBS=''
INSTALL_LANGS=''
INSTALL_TOOL_LANGS=''
LDFLAGS=' -L/usr/local/lib -Wl,--as-needed'
LIBOBJS=''
LIBS='-lm -ltinfo '
LINK_AS_NEEDED='yes'
LTLIBOBJS=''
LUA_CFLAGS=''
LUA_CFLAGS_EXTRA=''
LUA_LIBS=''
LUA_OBJ=''
LUA_SRC=''
MAKEMO=''
MOTIF_LIBNAME=''
MSGFMT=''
MSGFMTCMD=''
MSGFMT_DESKTOP=''
MZSCHEME_CFLAGS=''
MZSCHEME_EXTRA=''
MZSCHEME_LIBS=''
MZSCHEME_MZC=''
MZSCHEME_OBJ=''
MZSCHEME_SRC=''
NARROW_PROTO=''
NETBEANS_OBJ=''
NETBEANS_SRC=''
OBJEXT='o'
OS_EXTRA_OBJ=''
OS_EXTRA_SRC=''
PACKAGE_BUGREPORT=''
PACKAGE_NAME=''
PACKAGE_STRING=''
PACKAGE_TARNAME=''
PACKAGE_URL=''
PACKAGE_VERSION=''
PATH_SEPARATOR=':'
PERL_CFLAGS=''
PERL_CFLAGS_EXTRA=''
PERL_LIBS=''
PERL_OBJ=''
PERL_PRO=''
PERL_SRC=''
PKG_CONFIG='/usr/bin/pkg-config'
PYTHON3_CFLAGS=''
PYTHON3_CFLAGS_EXTRA=''
PYTHON3_LIBS=''
PYTHON3_OBJ=''
PYTHON3_SRC=''
PYTHON_CFLAGS=''
PYTHON_CFLAGS_EXTRA=''
PYTHON_LIBS=''
PYTHON_OBJ=''
PYTHON_SRC=''
QUOTESED='sed -e '\''s/[\\"]/\\&/g'\'' -e '\''s/\\"/"/'\'' -e '\''s/\\";$$/";/'\'' -e '\''s/  */ /g'\'''
RUBY_CFLAGS=''
RUBY_CFLAGS_EXTRA=''
RUBY_LIBS=''
RUBY_OBJ=''
RUBY_SRC=''
SET_MAKE=''
SHELL='/bin/sh'
STRIP='strip'
TAGPRG='ctags -I INIT+,INIT2+,INIT3+,INIT4+,INIT5+ --fields=+S'
TCL_CFLAGS=''
TCL_CFLAGS_EXTRA=''
TCL_LIBS=''
TCL_OBJ=''
TCL_SRC=''
TERM_OBJ=''
TERM_SRC=''
TERM_TEST=''
UPDATE_DESKTOP_DATABASE=''
VIEWNAME='view'
VIMNAME='edit'
WAYLAND_CFLAGS=''
WAYLAND_CPPFLAGS=''
WAYLAND_LIBS=''
WAYLAND_OBJ=''
WAYLAND_SRC=''
XCODE_SELECT=''
XDIFF_OBJS_USED='$(XDIFF_OBJS)'
XMKMF=''
X_CFLAGS=''
X_EXTRA_LIBS=''
X_LIB=''
X_LIBS=''
X_PRE_LIBS=''
ac_ct_CC='gcc'
bindir='${exec_prefix}/bin'
build_alias=''
compiledby='bx'
datadir='${datarootdir}'
datarootdir='${prefix}/share'
docdir='${datarootdir}/doc/${PACKAGE}'
dogvimdiff='installgvimdiff'
dovimdiff='installvimdiff'
dvidir='${docdir}'
exec_prefix='${prefix}'
host_alias=''
htmldir='${docdir}'
includedir='${prefix}/include'
infodir='${datarootdir}/info'
libdir='${exec_prefix}/lib'
libexecdir='${exec_prefix}/libexec'
line_break='"\\012"'
localedir='${datarootdir}/locale'
localstatedir='${prefix}/var'
mandir='${datarootdir}/man'
oldincludedir='/usr/include'
pdfdir='${docdir}'
prefix='/usr/local'
program_transform_name='s,x,x,'
psdir='${docdir}'
runstatedir='${localstatedir}/run'
sbindir='${exec_prefix}/sbin'
sharedstatedir='${prefix}/com'
shrpenv=''
sysconfdir='${prefix}/etc'
target_alias=''
vi_cv_path_lua=''
vi_cv_path_luajit=''
vi_cv_path_mzscheme=''
vi_cv_path_perl=''
vi_cv_path_plain_lua=''
vi_cv_path_python3=''
vi_cv_path_python=''
vi_cv_path_ruby=''
vi_cv_path_tcl=''
vi_cv_perl_xsubpp=''
vi_cv_perllib=''
vi_cv_var_python3_stable_abi=''
xmkmfpath=''

## ----------- ##
## confdefs.h. ##
## ----------- ##

/* confdefs.h */
#define PACKAGE_NAME ""
#define PACKAGE_TARNAME ""
#define PACKAGE_VERSION ""
#define PACKAGE_STRING ""
#define PACKAGE_BUGREPORT ""
#define PACKAGE_URL ""
#define UNIX 1
#define HAVE_SYS_WAIT_H 1
#define HAVE_STDIO_H 1
#define HAVE_STDLIB_H 1
#define HAVE_STRING_H 1
#define HAVE_INTTYPES_H 1
#define HAVE_STDINT_H 1
#define HAVE_STRINGS_H 1
#define HAVE_SYS_STAT_H 1
#define HAVE_SYS_TYPES_H 1
#define HAVE_UNISTD_H 1
#define HAVE_SYS_TIME_H 1
#define HAVE_SYS_SELECT_H 1
#define HAVE_SYS_SOCKET_H 1
#define STDC_HEADERS 1
#define RUNTIME_GLOBAL "/usr/share/bx/vim"
#define RUNTIME_GLOBAL_AFTER "/usr/share/bx/vim/after"
#define MODIFIED_BY "bx"
#define FEAT_NORMAL 1
#define FEAT_DIFF 1
#define ENABLE_CSCOPE 1
#define HAVE_SHM_OPEN 1
#define PROC_EXE_LINK "/proc/self/exe"
#define HAVE_DATE_TIME 1
#define HAVE_ATTRIBUTE_UNUSED 1
#define HAVE_DIRENT_H 1
#define HAVE_SYS_WAIT_H 1
#define HAVE_WAITPID 1
#define HAVE_STDINT_H 1
#define HAVE_STDLIB_H 1
#define HAVE_STRING_H 1
#define HAVE_SYS_SELECT_H 1
#define HAVE_SYS_UTSNAME_H 1
#define HAVE_TERMCAP_H 1
#define HAVE_FCNTL_H 1
#define HAVE_SGTTY_H 1
#define HAVE_SYS_IOCTL_H 1
#define HAVE_SYS_TIME_H 1
#define HAVE_SYS_TYPES_H 1
#define HAVE_TERMIO_H 1
#define HAVE_ICONV_H 1
#define HAVE_INTTYPES_H 1
#define HAVE_LANGINFO_H 1
#define HAVE_MATH_H 1
#define HAVE_UNISTD_H 1
#define HAVE_ERRNO_H 1
#define HAVE_SYS_RESOURCE_H 1
#define HAVE_LOCALE_H 1
#define HAVE_TERMIOS_H 1
#define HAVE_SYS_STATFS_H 1
#define HAVE_POLL_H 1
#define HAVE_SYS_POLL_H 1
#define HAVE_PWD_H 1
#define HAVE_UTIME_H 1
#define HAVE_SYS_PARAM_H 1
#define HAVE_LIBINTL_H 1
#define HAVE_LIBGEN_H 1
#define HAVE_SYS_ACL_H 1
#define HAVE_SYS_SYSINFO_H 1
#define HAVE_WCHAR_H 1
#define HAVE_WCTYPE_H 1
#define HAVE_STRINGS_H 1
#define HAVE_LIBTINFO 1
#define TERMINFO 1
#define HAVE_OSPEED 1
#define HAVE_UP_BC_PC 1
#define HAVE_DEL_CURTERM 1
#define SYS_SELECT_WITH_SYS_TIME 1
#define HAVE_SVR4_PTYS 1
#define HAVE_SIGCONTEXT 1
#define HAVE_FCHDIR 1
#define HAVE_FCHOWN 1
#define HAVE_FCHMOD 1
#define HAVE_FSYNC 1
#define HAVE_GETCWD 1
#define HAVE_GETPWENT 1
#define HAVE_GETPWNAM 1
#define HAVE_GETPWUID 1
#define HAVE_GETRLIMIT 1
#define HAVE_GETTIMEOFDAY 1
#define HAVE_LOCALTIME_R 1
#define HAVE_LSTAT 1
#define HAVE_MEMSET 1
#define HAVE_MKDTEMP 1
#define HAVE_NANOSLEEP 1
#define HAVE_OPENDIR 1
#define HAVE_PUTENV 1
#define HAVE_QSORT 1
#define HAVE_READLINK 1
#define HAVE_SELECT 1
#define HAVE_SETENV 1
#define HAVE_GETPGID 1
#define HAVE_SETPGID 1
#define HAVE_SETSID 1
#define HAVE_SIGALTSTACK 1
#define HAVE_SIGSTACK 1
#define HAVE_SIGSET 1
#define HAVE_SIGACTION 1
#define HAVE_SIGPROCMASK 1
#define HAVE_STRCASECMP 1
#define HAVE_STRCOLL 1
#define HAVE_STRERROR 1
#define HAVE_STRFTIME 1
#define HAVE_STRNCASECMP 1
#define HAVE_STRPBRK 1
#define HAVE_STRPTIME 1
#define HAVE_STRTOL 1
#define HAVE_TGETENT 1
#define HAVE_TOWLOWER 1
#define HAVE_TOWUPPER 1
#define HAVE_ISWUPPER 1
#define HAVE_TZSET 1
#define HAVE_USLEEP 1
#define HAVE_UTIME 1
#define HAVE_UTIMES 1
#define HAVE_MBLEN 1
#define HAVE_FTRUNCATE 1
#define HAVE_UNSETENV 1
#define HAVE_POSIX_OPENPT 1
#define HAVE_CLOCK_GETTIME 1
#define HAVE_SYNC 1
#define SELECT_TYPE_ARG1 int
#define SELECT_TYPE_ARG234 (fd_set *)
#define SELECT_TYPE_ARG5 (struct timeval *)
#define HAVE_FSEEKO 1
#define HAVE_ST_BLKSIZE 1
#define HAVE_TIMER_CREATE 1
#define ST_MTIM_NSEC st_mtim.tv_nsec
#define HAVE_ICONV 1
#define HAVE_NL_LANGINFO_CODESET 1
#define HAVE_LIBM 1
#define HAVE_ISINF 1
#define HAVE_ISNAN 1
#define HAVE_FD_CLOEXEC 1
#define HAVE_RENAME 1
#define HAVE_DIRFD 1
#define HAVE_FLOCK 1
#define HAVE_SYSINFO 1
#define HAVE_SYSINFO_MEM_UNIT 1
#define HAVE_SYSINFO_UPTIME 1
#define HAVE_SYSCONF 1
#define HAVE_SYSCONF_SIGSTKSZ 1
#define SIZEOF_INT 4
#define SIZEOF_LONG 8
#define SIZEOF_TIME_T 8
#define SIZEOF_OFF_T 8
#define VIM_SIZEOF_INT 4
#define VIM_SIZEOF_LONG 8
#define USEMEMMOVE 1
#define HAVE_DLFCN_H 1
#define HAVE_DLOPEN 1
#define HAVE_DLSYM 1
#define HAVE_SETJMP_H 1

configure: exit 0
